postcode,sector,average_household
BN1 5PF,BN1 5,15.0
BN7 2HP,BN7 2,11.0
TN6 3AW,TN6 3,7.0
BN3 7LP,BN3 7,14.0
DA16 2DU,DA16 2,22.0
RM13 8LA,RM13 8,9.0
SO32 1GJ,SO32 1,10.0
OX11 9PN,OX11 9,9.0
PO9 1EY,PO9 1,9.0
KT1 3JH,KT1 3,16.0
BN25 1RR,BN25 1,10.0
KT17 4DG,KT17 4,11.0
TN6 2XA,TN6 2,11.0
BR3 4SF,BR3 4,16.0
W1S 2XS,W1S 2,
BN16 2HL,BN16 2,13.0
E4 6FA,E4 6,19.0
RG29 1JJ,RG29 1,8.0
PO5 2UB,PO5 2,14.0
ME1 3SJ,ME1 3,12.0
W1W 8QX,W1W 8,
BR8 7BP,BR8 7,17.0
RG14 6BW,RG14 6,13.0
PO10 7JT,PO10 7,12.0
SO15 5BX,SO15 5,15.0
RG21 7SY,RG21 7,7.0
DA14 4DW,DA14 4,16.0
BH25 5GY,BH25 5,14.0
MK17 0BG,MK17 0,9.0
E3 3TT,E3 3,11.0
PO19 7WX,PO19 7,14.0
SO41 0PZ,SO41 0,14.0
SE6 3LE,SE6 3,18.0
GU29 9RT,GU29 9,9.0
GU7 2RU,GU7 2,9.0
SW1W 9AH,SW1W 9,5.0
SO19 8PA,SO19 8,18.0
BN20 7AH,BN20 7,11.0
SO50 4LE,SO50 4,16.0
SO23 7AX,SO23 7,11.0
SS12 9AG,SS12 9,16.0
SO41 9ND,SO41 9,9.0
E11 2RQ,E11 2,16.0
SE22 8SU,SE22 8,13.0
BH25 5WY,BH25 5,14.0
N8 0SE,N8 0,16.0
E10 6XU,E10 6,17.0
WC2B 5LH,WC2B 5,3.0
SE1 1GD,SE1 1,6.0
SS15 6PP,SS15 6,13.0
HP21 9AP,HP21 9,13.0
PO12 3LR,PO12 3,18.0
NW4 4SE,NW4 4,9.0
E1 3HP,E1 3,12.0
HA8 8GA,HA8 8,14.0
IG11 0PP,IG11 0,10.0
SL5 7NB,SL5 7,7.0
ME12 2QT,ME12 2,19.0
BN15 8RG,BN15 8,14.0
UB3 2LP,UB3 2,14.0
SO18 5GU,SO18 5,15.0
E3 3HR,E3 3,11.0
TN14 5LF,TN14 5,9.0
CT9 5JA,CT9 5,16.0
SE19 3NN,SE19 3,14.0
TN25 4AD,TN25 4,9.0
GU30 7RP,GU30 7,10.0
HP22 4QL,HP22 4,8.0
W1W 7ST,W1W 7,2.0
BN11 3LN,BN11 3,10.0
BR1 1TS,BR1 1,1.0
SE1 9TH,SE1 9,4.0
SE12 0DB,SE12 0,14.0
TN11 9SP,TN11 9,8.0
BN17 6HN,BN17 6,17.0
SW19 6TN,SW19 6,16.0
BN41 1NN,BN41 1,11.0
TN15 6LE,TN15 6,12.0
SS0 7FL,SS0 7,17.0
PO21 4TN,PO21 4,12.0
HP16 0SH,HP16 0,9.0
SO53 3FJ,SO53 3,10.0
HP13 5EL,HP13 5,14.0
SE9 3DG,SE9 3,18.0
W3 8FE,W3 8,12.0
E9 5PT,E9 5,15.0
BR7 5LN,BR7 5,9.0
SO23 8HS,SO23 8,4.0
DA7 4HB,DA7 4,17.0
KT3 5RE,KT3 5,15.0
SW15 5LQ,SW15 5,14.0
HP19 9UU,HP19 9,16.0
GU24 0JZ,GU24 0,8.0
RM17 5HB,RM17 5,15.0
SO45 1ZT,SO45 1,14.0
UB10 0GD,UB10 0,12.0
KT16 0HH,KT16 0,10.0
CT10 3HR,CT10 3,13.0
OX12 9RN,OX12 9,10.0
UB7 8EB,UB7 8,13.0
W1T 3PG,W1T 3,1.0
SO50 5FL,SO50 5,14.0
PO36 0ET,PO36 0,11.0
TN22 5RB,TN22 5,9.0
ME15 7AS,ME15 7,15.0
SE18 6HT,SE18 6,12.0
W6 9QX,W6 9,10.0
OX39 4TL,OX39 4,9.0
PO1 1LB,PO1 1,9.0
TW7 5XG,TW7 5,11.0
TW10 7DY,TW10 7,11.0
NW8 9AN,NW8 9,11.0
TN20 6NY,TN20 6,7.0
W6 7PD,W6 7,10.0
KT10 0RG,KT10 0,12.0
E2 6LZ,E2 6,15.0
KT12 4BX,KT12 4,11.0
SW10 9DN,SW10 9,14.0
SE9 5PA,SE9 5,14.0
SS15 6AB,SS15 6,13.0
UB10 9DW,UB10 9,17.0
GU4 8RR,GU4 8,9.0
HA1 4AE,HA1 4,13.0
IG2 6LZ,IG2 6,14.0
RM2 6AP,RM2 6,15.0
E14 3GX,E14 3,20.0
W6 8NY,W6 8,13.0
HA5 2RP,HA5 2,13.0
ME2 4RL,ME2 4,8.0
NW1 1XB,NW1 1,9.0
RG9 1UE,RG9 1,11.0
SO50 4JP,SO50 4,16.0
SL2 3XN,SL2 3,8.0
SS14 3RB,SS14 3,6.0
CT19 5RW,CT19 5,13.0
SW4 0DF,SW4 0,11.0
PO4 9RU,PO4 9,20.0
ME14 4DX,ME14 4,11.0
SO51 6ZA,SO51 6,10.0
IG3 9LL,IG3 9,16.0
NW1 0EH,NW1 0,8.0
TN37 6AB,TN37 6,19.0
TN27 0DL,TN27 0,8.0
SS4 3EU,SS4 3,14.0
TW4 6LR,TW4 6,9.0
TN36 4LH,TN36 4,11.0
RG1 8LG,RG1 8,5.0
SE6 3AQ,SE6 3,18.0
SW16 6XU,SW16 6,17.0
RH20 2PY,RH20 2,10.0
W1K 7TD,W1K 7,3.0
BR3 6QJ,BR3 6,14.0
IG1 3QW,IG1 3,17.0
TN29 0JA,TN29 0,11.0
MK18 2LW,MK18 2,8.0
PO18 8NT,PO18 8,9.0
N3 2TN,N3 2,11.0
N16 9PJ,N16 9,15.0
TN21 8BX,TN21 8,9.0
CT11 8EY,CT11 8,13.0
DA6 7LB,DA6 7,8.0
OX44 9ES,OX44 9,8.0
W1F 9ZN,W1F 9,
RG2 7DX,RG2 7,15.0
NW6 4AJ,NW6 4,11.0
GU8 5QZ,GU8 5,10.0
SE16 4JB,SE16 4,11.0
NW2 6BE,NW2 6,11.0
E5 9NB,E5 9,17.0
RG24 7BJ,RG24 7,11.0
N1 0SR,N1 0,13.0
SO15 3BH,SO15 3,12.0
TN34 1QD,TN34 1,9.0
HA1 2XZ,HA1 2,8.0
BN15 8BQ,BN15 8,14.0
CR0 8JT,CR0 8,18.0
ME5 9PH,ME5 9,14.0
CT5 2NJ,CT5 2,14.0
SO24 9EQ,SO24 9,9.0
RH2 0BZ,RH2 0,10.0
PO4 0HY,PO4 0,20.0
HA1 1QN,HA1 1,8.0
SP10 5AP,SP10 5,10.0
N1 2DJ,N1 2,14.0
RG14 1XE,RG14 1,9.0
SO14 1ND,SO14 1,11.0
BN27 2NZ,BN27 2,9.0
BN18 0LF,BN18 0,10.0
RM12 5TR,RM12 5,19.0
PO20 3TG,PO20 3,13.0
RG7 1LZ,RG7 1,7.0
KT15 1BJ,KT15 1,13.0
SO23 8RB,SO23 8,4.0
E5 8DT,E5 8,19.0
CM13 3DT,CM13 3,8.0
SW19 1DH,SW19 1,14.0
ME15 0DS,ME15 0,7.0
N15 6ED,N15 6,16.0
ME17 2BX,ME17 2,7.0
RG23 7LW,RG23 7,10.0
GU21 4PB,GU21 4,10.0
TW9 2JR,TW9 2,9.0
PO11 0NB,PO11 0,13.0
TN28 8HB,TN28 8,11.0
GU52 6DX,GU52 6,15.0
PO4 0LW,PO4 0,20.0
SW8 1BF,SW8 1,14.0
RH15 0QG,RH15 0,12.0
UB3 1SH,UB3 1,9.0
RH12 1JD,RH12 1,9.0
SW3 5EX,SW3 5,8.0
NW10 5HA,NW10 5,16.0
N6 5DA,N6 5,14.0
HA6 2UF,HA6 2,9.0
N19 5SE,N19 5,14.0
PO12 1UA,PO12 1,15.0
SW6 1BT,SW6 1,10.0
HP5 1BP,HP5 1,8.0
RG20 5QB,RG20 5,11.0
KT18 5RB,KT18 5,11.0
UB8 2EJ,UB8 2,12.0
SW1X 7JU,SW1X 7,2.0
BN12 6JF,BN12 6,14.0
E11 4PY,E11 4,15.0
E14 0EX,E14 0,11.0
SW14 8NY,SW14 8,12.0
SP10 3BA,SP10 3,15.0
SE28 0JG,SE28 0,16.0
KT4 7EE,KT4 7,16.0
SW18 2ED,SW18 2,14.0
KT19 9TX,KT19 9,17.0
CT14 7DP,CT14 7,14.0
SN7 8PG,SN7 8,6.0
RM9 4NA,RM9 4,23.0
RH2 7AX,RH2 7,11.0
SO16 7AX,SO16 7,9.0
KT19 8HT,KT19 8,10.0
SE18 2AR,SE18 2,17.0
DA13 9BT,DA13 9,11.0
MK18 2RP,MK18 2,8.0
HA3 5JL,HA3 5,12.0
PO1 1RE,PO1 1,9.0
IG1 3AB,IG1 3,17.0
RH10 9SA,RH10 9,
E11 4AS,E11 4,15.0
OX11 8UG,OX11 8,13.0
W1K 3NQ,W1K 3,1.0
W1G 6EH,W1G 6,3.0
NW2 6DS,NW2 6,11.0
ME10 2SL,ME10 2,17.0
N1 2AF,N1 2,14.0
CR4 2BU,CR4 2,17.0
RM6 4PR,RM6 4,14.0
UB8 2BF,UB8 2,12.0
BN21 3UX,BN21 3,9.0
TN39 4JA,TN39 4,14.0
ME19 5JH,ME19 5,9.0
HA8 7PY,HA8 7,6.0
EC1V 9EY,EC1V 9,4.0
DA9 9AT,DA9 9,16.0
DA3 8ND,DA3 8,15.0
KT11 2RL,KT11 2,11.0
NW4 4LH,NW4 4,9.0
RM14 2YY,RM14 2,12.0
RM7 8LA,RM7 8,20.0
SO16 4NR,SO16 4,12.0
RM5 3YR,RM5 3,15.0
SW1P 3JH,SW1P 3,2.0
SW18 5RE,SW18 5,17.0
PO33 1DZ,PO33 1,13.0
SE2 9AS,SE2 9,17.0
N4 3NY,N4 3,16.0
OX14 3BN,OX14 3,9.0
UB10 9DQ,UB10 9,17.0
BR2 8EQ,BR2 8,17.0
SO18 5GA,SO18 5,15.0
N19 4JF,N19 4,16.0
RG30 4AL,RG30 4,16.0
HP22 6DE,HP22 6,12.0
SW7 5PU,SW7 5,11.0
RG42 5PS,RG42 5,5.0
IG4 5LY,IG4 5,12.0
HA1 3TN,HA1 3,11.0
KT3 3LQ,KT3 3,15.0
HA4 0JH,HA4 0,10.0
W1K 2JY,W1K 2,2.0
NW5 3AH,NW5 3,9.0
NW10 5SD,NW10 5,16.0
CR0 7EJ,CR0 7,21.0
EN5 1DU,EN5 1,9.0
UB3 4BP,UB3 4,12.0
EN5 4NZ,EN5 4,8.0
RG2 7QF,RG2 7,15.0
ME2 2DZ,ME2 2,16.0
BN22 9HD,BN22 9,15.0
W3 7AP,W3 7,15.0
RH2 0AN,RH2 0,10.0
CT9 2TJ,CT9 2,15.0
CR0 2SZ,CR0 2,23.0
E5 9PH,E5 9,17.0
RG41 5JY,RG41 5,10.0
RH10 9TU,RH10 9,
CM4 0HZ,CM4 0,7.0
BN20 0HE,BN20 0,7.0
TN21 9HJ,TN21 9,6.0
N20 8QH,N20 8,8.0
WC1A 2BA,WC1A 2,1.0
SS3 0HQ,SS3 0,12.0
OX10 9FW,OX10 9,7.0
SE28 0HJ,SE28 0,16.0
W3 0EL,W3 0,9.0
GU17 0HP,GU17 0,12.0
TN35 5NA,TN35 5,19.0
SL9 0LH,SL9 0,7.0
RH10 1HG,RH10 1,8.0
TN34 2HE,TN34 2,18.0
CT17 0DB,CT17 0,15.0
E5 8JW,E5 8,19.0
PO15 7DU,PO15 7,9.0
UB6 0DX,UB6 0,12.0
UB2 5BQ,UB2 5,15.0
OX13 5BY,OX13 5,7.0
E9 7BN,E9 7,17.0
E7 8PD,E7 8,19.0
N19 3HY,N19 3,16.0
HA0 1LZ,HA0 1,8.0
GU2 8GZ,GU2 8,16.0
IG1 2RE,IG1 2,16.0
HP5 1XF,HP5 1,8.0
SS0 9DR,SS0 9,17.0
HA3 0NU,HA3 0,11.0
NW10 4LT,NW10 4,13.0
RG18 3BY,RG18 3,14.0
CT2 0SF,CT2 0,11.0
BH24 1GX,BH24 1,12.0
E1W 3TX,E1W 3,13.0
W7 1BS,W7 1,16.0
PO22 6AG,PO22 6,12.0
UB6 0UJ,UB6 0,12.0
PO18 0FJ,PO18 0,7.0
TN26 3LU,TN26 3,8.0
GU8 5HL,GU8 5,10.0
TW4 6EQ,TW4 6,9.0
NW10 2LP,NW10 2,11.0
SM5 1TB,SM5 1,22.0
W1B 5PT,W1B 5,
RH1 2HY,RH1 2,13.0
RG12 2JT,RG12 2,7.0
UB4 8NF,UB4 8,15.0
IG8 8QW,IG8 8,12.0
NW3 2NX,NW3 2,16.0
SE20 8RH,SE20 8,15.0
N8 9JY,N8 9,14.0
RH10 1TL,RH10 1,8.0
TW16 7PL,TW16 7,12.0
RH16 3RW,RH16 3,12.0
BN9 0SB,BN9 0,8.0
ME17 3NW,ME17 3,7.0
CT19 6PJ,CT19 6,18.0
KT19 9EF,KT19 9,17.0
RM13 9XT,RM13 9,14.0
SL6 8QX,SL6 8,8.0
HA2 8LH,HA2 8,14.0
TN14 7TX,TN14 7,7.0
RH20 1EE,RH20 1,9.0
OX10 6DA,OX10 6,9.0
HP7 9EU,HP7 9,10.0
SW11 1EG,SW11 1,13.0
ME9 8JL,ME9 8,7.0
CT3 2AW,CT3 2,9.0
BN1 1NB,BN1 1,3.0
E8 2NB,E8 2,17.0
RG1 8FP,RG1 8,5.0
NW4 3FQ,NW4 3,10.0
PO11 0DB,PO11 0,13.0
CT11 7RQ,CT11 7,15.0
E2 8GR,E2 8,11.0
DA11 9LE,DA11 9,15.0
SE17 1JQ,SE17 1,9.0
RG12 9EJ,RG12 9,13.0
W1T 4HY,W1T 4,1.0
SO50 5FY,SO50 5,14.0
N7 0JX,N7 0,20.0
RG2 7DN,RG2 7,15.0
CT9 5RT,CT9 5,16.0
SS12 9NZ,SS12 9,16.0
NW3 2NE,NW3 2,16.0
UB5 6UA,UB5 6,16.0
CR0 7AS,CR0 7,21.0
RG7 6LT,RG7 6,6.0
SE28 0FJ,SE28 0,16.0
TW3 4AE,TW3 4,12.0
MK18 1HS,MK18 1,10.0
SO15 8RN,SO15 8,14.0
PO7 7QT,PO7 7,10.0
SW18 5JJ,SW18 5,17.0
PO16 9NB,PO16 9,13.0
BR3 4AS,BR3 4,16.0
BN45 7EE,BN45 7,5.0
DA8 3LG,DA8 3,17.0
ME19 4JJ,ME19 4,8.0
E5 0PL,E5 0,19.0
GU10 2JT,GU10 2,6.0
BH25 7NT,BH25 7,12.0
PO18 8XJ,PO18 8,9.0
HP21 7LU,HP21 7,11.0
SL6 9HR,SL6 9,7.0
RH8 0DW,RH8 0,12.0
NW4 4WP,NW4 4,9.0
IG6 2UD,IG6 2,15.0
N16 5EF,N16 5,16.0
GU8 5EA,GU8 5,10.0
UB3 4EE,UB3 4,12.0
CM4 0PG,CM4 0,7.0
RG45 6JN,RG45 6,10.0
RM8 1BX,RM8 1,15.0
N16 7SA,N16 7,17.0
RM14 1BQ,RM14 1,16.0
E7 0LJ,E7 0,17.0
DA12 4SQ,DA12 4,22.0
PO5 3HR,PO5 3,12.0
CT21 5BH,CT21 5,10.0
OX44 9AW,OX44 9,8.0
KT5 9ES,KT5 9,17.0
SE20 8SL,SE20 8,15.0
RG24 8UF,RG24 8,12.0
SW4 9PJ,SW4 9,10.0
WC1N 3LN,WC1N 3,6.0
CT16 2SE,CT16 2,18.0
SO41 9JY,SO41 9,9.0
ME15 9RN,ME15 9,12.0
PO6 1JL,PO6 1,13.0
SW9 6XW,SW9 6,8.0
NW3 2UB,NW3 2,16.0
SL7 1LQ,SL7 1,8.0
OX12 9HJ,OX12 9,10.0
W2 1PB,W2 1,9.0
SO19 7GP,SO19 7,16.0
SL4 4EL,SL4 4,11.0
RG21 5SA,RG21 5,17.0
BN1 1FL,BN1 1,3.0
RG23 8EW,RG23 8,14.0
GU6 8AQ,GU6 8,7.0
DA11 9BN,DA11 9,15.0
HA2 9BY,HA2 9,16.0
BN6 9XS,BN6 9,9.0
N19 3DA,N19 3,16.0
EN4 8PZ,EN4 8,14.0
W8 4JF,W8 4,7.0
W1T 6ER,W1T 6,1.0
TW15 1BF,TW15 1,12.0
BN3 4JS,BN3 4,15.0
SO40 9GW,SO40 9,12.0
ME17 3LJ,ME17 3,7.0
SW17 9NG,SW17 9,17.0
SW6 2DR,SW6 2,15.0
OX14 3JH,OX14 3,9.0
SW4 6PR,SW4 6,15.0
N2 9LD,N2 9,12.0
TW13 4PA,TW13 4,15.0
RM11 1PN,RM11 1,15.0
SP11 7HY,SP11 7,7.0
GU51 3PR,GU51 3,11.0
W9 2AB,W9 2,17.0
E2 9JJ,E2 9,12.0
GU15 1JH,GU15 1,11.0
BN24 6AQ,BN24 6,11.0
RG1 1DA,RG1 1,1.0
SO22 5EG,SO22 5,9.0
CR0 7TA,CR0 7,21.0
W4 1PN,W4 1,10.0
BN16 1EY,BN16 1,11.0
ME2 3DP,ME2 3,17.0
SO24 9EF,SO24 9,9.0
BN17 7BS,BN17 7,11.0
GU34 1DQ,GU34 1,9.0
SM4 6DR,SM4 6,20.0
TN27 9NY,TN27 9,7.0
TN35 5PL,TN35 5,19.0
SW10 0YQ,SW10 0,12.0
SW19 6RA,SW19 6,16.0
NW4 3SL,NW4 3,10.0
SO41 9AH,SO41 9,9.0
HA9 6BX,HA9 6,11.0
IG6 2LN,IG6 2,15.0
OX12 9NG,OX12 9,10.0
DA1 5US,DA1 5,13.0
KT2 7AU,KT2 7,9.0
IG6 2LH,IG6 2,15.0
GU30 7GB,GU30 7,10.0
SL6 5DY,SL6 5,12.0
SE27 0SH,SE27 0,15.0
E17 4JJ,E17 4,17.0
PO33 3FF,PO33 3,14.0
SM5 2SS,SM5 2,16.0
EC1V 4NR,EC1V 4,6.0
HP12 3DG,HP12 3,12.0
KT22 7EY,KT22 7,8.0
E4 7DB,E4 7,15.0
KT24 6RW,KT24 6,7.0
RG4 6TU,RG4 6,12.0
HP10 0BH,HP10 0,9.0
CT19 5TZ,CT19 5,13.0
BN26 6SY,BN26 6,8.0
SS13 1LQ,SS13 1,14.0
SS8 9QJ,SS8 9,17.0
SW10 0LN,SW10 0,12.0
EC1V 1LJ,EC1V 1,1.0
TN38 9HT,TN38 9,14.0
RH19 4QR,RH19 4,9.0
TN30 7JT,TN30 7,9.0
SE9 4HP,SE9 4,18.0
W1W 6PH,W1W 6,5.0
W1F 9AA,W1F 9,
N16 8AU,N16 8,15.0
RG7 3BE,RG7 3,11.0
CT12 5JW,CT12 5,7.0
NW11 6XS,NW11 6,9.0
SP11 8EG,SP11 8,7.0
E2 7DJ,E2 7,14.0
CM15 0SX,CM15 0,12.0
RG41 5RT,RG41 5,10.0
ME16 0HF,ME16 0,15.0
BN2 4LP,BN2 4,20.0
E17 6EZ,E17 6,17.0
UB9 5NN,UB9 5,10.0
PO9 3SF,PO9 3,16.0
HA3 7QA,HA3 7,14.0
ME13 9DR,ME13 9,7.0
SE28 0ED,SE28 0,16.0
W11 4QD,W11 4,12.0
IG8 9AT,IG8 9,14.0
RG14 6BD,RG14 6,13.0
SE13 5QS,SE13 5,17.0
N10 3BQ,N10 3,12.0
GU9 0HE,GU9 0,12.0
SO19 6DX,SO19 6,15.0
SO31 4RB,SO31 4,12.0
W1U 6PG,W1U 6,3.0
TW18 3AS,TW18 3,9.0
CT20 3JG,CT20 3,10.0
CR2 8BE,CR2 8,16.0
CT15 7QG,CT15 7,7.0
SE1 2PY,SE1 2,11.0
SL4 4QH,SL4 4,11.0
SO16 9FT,SO16 9,17.0
ME12 4NP,ME12 4,11.0
TW12 1AX,TW12 1,11.0
SS16 4ET,SS16 4,17.0
HP17 8SS,HP17 8,9.0
SM2 6GE,SM2 6,14.0
SL4 2BA,SL4 2,10.0
NW3 1LE,NW3 1,8.0
E17 4BZ,E17 4,17.0
CT14 9JZ,CT14 9,17.0
GU12 6LJ,GU12 6,13.0
SW6 5PQ,SW6 5,12.0
KT18 7DA,KT18 7,12.0
DA16 2AY,DA16 2,22.0
SW11 3LX,SW11 3,15.0
EC4A 2LT,EC4A 2,
KT11 2TD,KT11 2,11.0
TN23 5DB,TN23 5,19.0
CT5 4RF,CT5 4,15.0
W9 2PF,W9 2,17.0
PO32 6HS,PO32 6,14.0
GU9 8PU,GU9 8,11.0
BN2 9ZE,BN2 9,20.0
GU9 8HD,GU9 8,11.0
TN20 6RJ,TN20 6,7.0
W1S 2PG,W1S 2,
CR2 0PW,CR2 0,15.0
NW6 5ZG,NW6 5,14.0
GU10 1AL,GU10 1,8.0
SL1 7NB,SL1 7,12.0
TW13 4DF,TW13 4,15.0
RM12 6LQ,RM12 6,14.0
E1W 2QH,E1W 2,10.0
GU14 7NP,GU14 7,8.0
SL6 0HJ,SL6 0,8.0
TN8 5QG,TN8 5,8.0
KT11 3DY,KT11 3,6.0
PO18 8DU,PO18 8,9.0
BN12 4HU,BN12 4,11.0
PO8 0HQ,PO8 0,10.0
MK18 4QX,MK18 4,6.0
SW1W 0PP,SW1W 0,2.0
IG3 8AD,IG3 8,15.0
SO45 1RS,SO45 1,14.0
RM12 4YR,RM12 4,18.0
RH5 6DN,RH5 6,6.0
CT14 6LJ,CT14 6,10.0
N11 2QG,N11 2,14.0
SO22 4BP,SO22 4,17.0
BR2 7JF,BR2 7,14.0
TW8 8LL,TW8 8,9.0
E1W 1YG,E1W 1,9.0
SO41 9LR,SO41 9,9.0
RH14 0SL,RH14 0,8.0
DA1 5RS,DA1 5,13.0
CR7 8SB,CR7 8,19.0
CT10 3EU,CT10 3,13.0
BN8 4DA,BN8 4,9.0
ME14 3DN,ME14 3,5.0
SW11 6QE,SW11 6,15.0
SO30 0DA,SO30 0,15.0
SL1 3BU,SL1 3,13.0
PO13 9FX,PO13 9,15.0
GU34 1FE,GU34 1,9.0
GU7 2BY,GU7 2,9.0
E1 7HW,E1 7,6.0
GU9 7BU,GU9 7,7.0
SL4 5LH,SL4 5,11.0
HP19 0WJ,HP19 0,12.0
W11 1AL,W11 1,15.0
SM1 4QR,SM1 4,13.0
E1W 1UG,E1W 1,9.0
TW20 0EE,TW20 0,10.0
RH12 1QD,RH12 1,9.0
NW11 6UY,NW11 6,9.0
HP17 8AG,HP17 8,9.0
ME12 4JY,ME12 4,11.0
WC1E 6JB,WC1E 6,4.0
N7 8RB,N7 8,16.0
KT13 9YJ,KT13 9,9.0
KT12 5NT,KT12 5,12.0
BR1 4BY,BR1 4,19.0
SE1 0EP,SE1 0,6.0
UB5 5TJ,UB5 5,15.0
E1 3BX,E1 3,12.0
SL7 2UW,SL7 2,7.0
BN8 6BW,BN8 6,8.0
RH6 7EX,RH6 7,9.0
BN24 6SN,BN24 6,11.0
TN34 3HN,TN34 3,17.0
CT12 4DD,CT12 4,13.0
OX10 7QJ,OX10 7,10.0
RG31 6JY,RG31 6,15.0
SS7 3BE,SS7 3,14.0
SO31 9AX,SO31 9,12.0
SW16 6BF,SW16 6,17.0
N15 6EB,N15 6,16.0
E1W 2AB,E1W 2,10.0
RG14 1UN,RG14 1,9.0
CT6 5QN,CT6 5,11.0
W12 9XP,W12 9,18.0
SP10 4BG,SP10 4,15.0
RG42 3RF,RG42 3,14.0
GU16 8SX,GU16 8,16.0
BN6 8LB,BN6 8,12.0
N15 4JW,N15 4,12.0
RG20 8UP,RG20 8,5.0
E6 6LE,E6 6,19.0
PO2 7BG,PO2 7,19.0
SO45 5TH,SO45 5,13.0
TW3 3EJ,TW3 3,12.0
GU26 6PG,GU26 6,9.0
BN41 2YS,BN41 2,20.0
SW19 3UB,SW19 3,12.0
RH20 3GT,RH20 3,9.0
DA11 9NJ,DA11 9,15.0
SO51 8EJ,SO51 8,7.0
ME7 1HH,ME7 1,14.0
RG7 3TP,RG7 3,11.0
CT11 9JR,CT11 9,10.0
RM18 7NJ,RM18 7,10.0
NW10 7SL,NW10 7,3.0
SO51 8AQ,SO51 8,7.0
HA9 9JX,HA9 9,11.0
SO19 6EX,SO19 6,15.0
BR4 9LJ,BR4 9,14.0
SS7 5RZ,SS7 5,15.0
HA8 9JU,HA8 9,12.0
GU11 3XE,GU11 3,15.0
PO9 2EW,PO9 2,13.0
NW10 6RJ,NW10 6,4.0
BN25 4NU,BN25 4,7.0
CT20 3HU,CT20 3,10.0
RG6 3BW,RG6 3,15.0
KT2 5NA,KT2 5,16.0
SO18 3NU,SO18 3,17.0
RM14 3TB,RM14 3,13.0
KT5 8PQ,KT5 8,15.0
SW20 8YH,SW20 8,15.0
PO19 6YN,PO19 6,13.0
DA11 8EL,DA11 8,15.0
W11 4HF,W11 4,12.0
E1 4PP,E1 4,14.0
SO21 3QF,SO21 3,8.0
SW11 5HH,SW11 5,20.0
RG9 1LT,RG9 1,11.0
RM5 3FZ,RM5 3,15.0
RG1 3NX,RG1 3,9.0
KT4 8HZ,KT4 8,20.0
SE22 8HP,SE22 8,13.0
SO19 9NQ,SO19 9,18.0
DA1 2PQ,DA1 2,15.0
SO52 9GY,SO52 9,15.0
SW9 6AG,SW9 6,8.0
TW2 5AN,TW2 5,12.0
HP27 9SL,HP27 9,8.0
SL2 2LA,SL2 2,15.0
NW10 5QN,NW10 5,16.0
W2 1AH,W2 1,9.0
TN8 6QT,TN8 6,7.0
SE4 1DY,SE4 1,20.0
SO53 1TD,SO53 1,12.0
BN22 7AT,BN22 7,10.0
E6 6LJ,E6 6,19.0
TW1 4AZ,TW1 4,10.0
E4 6TY,E4 6,19.0
RG14 7PU,RG14 7,11.0
OX9 3EP,OX9 3,10.0
RG12 7BW,RG12 7,20.0
ME7 3DA,ME7 3,14.0
E17 7QG,E17 7,14.0
RH10 4QL,RH10 4,7.0
KT13 8QZ,KT13 8,9.0
ME14 2TF,ME14 2,14.0
NW1 9QW,NW1 9,12.0
RH11 9HT,RH11 9,16.0
EC1V 4JW,EC1V 4,6.0
PO12 4ER,PO12 4,22.0
SW1P 4FE,SW1P 4,13.0
BN21 2LL,BN21 2,14.0
HA4 9TH,HA4 9,14.0
NW2 1WR,NW2 1,11.0
SE10 8UN,SE10 8,10.0
KT15 2QF,KT15 2,11.0
EC2Y 5HN,EC2Y 5,
UB10 9HY,UB10 9,17.0
E7 8JP,E7 8,19.0
PO13 9DJ,PO13 9,15.0
GU14 6EW,GU14 6,11.0
IG2 6DN,IG2 6,14.0
SO24 9DE,SO24 9,9.0
SE1 7NZ,SE1 7,8.0
NW9 7AR,NW9 7,10.0
E18 2JT,E18 2,17.0
GU6 8DY,GU6 8,7.0
RG23 7HS,RG23 7,10.0
TN4 8UA,TN4 8,11.0
RM3 9JB,RM3 9,15.0
ME15 9JT,ME15 9,12.0
TW3 1HB,TW3 1,9.0
TN6 2DU,TN6 2,11.0
N6 5LL,N6 5,14.0
SL3 0JR,SL3 0,6.0
HP22 6EJ,HP22 6,12.0
TN11 0AH,TN11 0,7.0
WC2H 9JN,WC2H 9,2.0
SL6 8JW,SL6 8,8.0
SM3 8QN,SM3 8,13.0
TW9 2BX,TW9 2,9.0
SW1A 2AA,SW1A 2,
GU8 5SD,GU8 5,10.0
PO8 8HP,PO8 8,14.0
CT19 4DX,CT19 4,14.0
EN5 4EU,EN5 4,8.0
CT2 9LU,CT2 9,10.0
E8 1GP,E8 1,15.0
WC2B 5ER,WC2B 5,3.0
EN5 3AH,EN5 3,9.0
GU34 2SU,GU34 2,12.0
SS0 9BS,SS0 9,17.0
W3 6QF,W3 6,14.0
W1T 5BG,W1T 5,5.0
W1W 7QW,W1W 7,2.0
KT15 3AN,KT15 3,13.0
BN18 0SR,BN18 0,10.0
SL2 3UU,SL2 3,8.0
RH13 8GG,RH13 8,9.0
SS1 2RD,SS1 2,18.0
RG1 2JW,RG1 2,6.0
N8 0JQ,N8 0,16.0
TN33 0QT,TN33 0,10.0
PO16 0TL,PO16 0,9.0
HP18 9XE,HP18 9,9.0
BN16 3QA,BN16 3,13.0
CT2 7RU,CT2 7,9.0
SS16 5AY,SS16 5,13.0
KT13 0SS,KT13 0,8.0
ME13 7PA,ME13 7,13.0
DA1 3AE,DA1 3,22.0
CR0 1XB,CR0 1,14.0
SW7 3PL,SW7 3,10.0
PO4 9DL,PO4 9,20.0
CR0 1DX,CR0 1,14.0
PO2 7JR,PO2 7,19.0
BR3 3FF,BR3 3,13.0
SS17 7PB,SS17 7,17.0
ME10 4NR,ME10 4,14.0
CT16 2DE,CT16 2,18.0
SE18 3HF,SE18 3,15.0
HA8 9QU,HA8 9,12.0
OX11 6ER,OX11 6,
NW11 9LG,NW11 9,8.0
SS2 4LS,SS2 4,23.0
OX12 9NH,OX12 9,10.0
DA12 1JL,DA12 1,13.0
NW10 9RY,NW10 9,13.0
SW9 7TF,SW9 7,12.0
CT15 7DF,CT15 7,7.0
UB5 4QE,UB5 4,17.0
HP19 8BW,HP19 8,5.0
PO33 1EY,PO33 1,13.0
WC2R 0NS,WC2R 0,
SM3 9RU,SM3 9,18.0
RG9 6RP,RG9 6,5.0
TN20 6DH,TN20 6,7.0
SW16 2AX,SW16 2,19.0
W1S 3AG,W1S 3,
TN27 8DP,TN27 8,7.0
RH15 0NX,RH15 0,12.0
SO19 4DH,SO19 4,28.0
KT13 9RN,KT13 9,9.0
RG12 8ST,RG12 8,14.0
GU14 6LR,GU14 6,11.0
RG30 1AN,RG30 1,12.0
RH19 3JG,RH19 3,12.0
LU7 9FX,LU7 9,10.0
SS7 1RD,SS7 1,13.0
PO37 6NA,PO37 6,8.0
RG10 8JG,RG10 8,7.0
CT5 3GH,CT5 3,9.0
CT6 8EL,CT6 8,14.0
SS12 9BW,SS12 9,16.0
SL2 4EF,SL2 4,9.0
E3 5LT,E3 5,15.0
BN2 1AE,BN2 1,17.0
EC1A 7EB,EC1A 7,3.0
PO13 0RY,PO13 0,18.0
ME13 0LU,ME13 0,6.0
TW11 9QJ,TW11 9,12.0
DA10 0DG,DA10 0,17.0
TN40 1AX,TN40 1,14.0
SL5 7JR,SL5 7,7.0
KT16 0NX,KT16 0,10.0
CT13 9RU,CT13 9,6.0
NW4 1JS,NW4 1,9.0
SS7 3SU,SS7 3,14.0
RG27 0EA,RG27 0,8.0
PO2 8BD,PO2 8,14.0
PO8 0SF,PO8 0,10.0
SO16 3GF,SO16 3,14.0
NW11 7SU,NW11 7,7.0
RG1 2AA,RG1 2,6.0
ME16 0BQ,ME16 0,15.0
SE1 5EL,SE1 5,12.0
ME15 8LX,ME15 8,13.0
SW11 3HW,SW11 3,15.0
SL9 0LL,SL9 0,7.0
OX14 4FL,OX14 4,9.0
RG2 0GR,RG2 0,7.0
GU1 4RD,GU1 4,7.0
TN34 2LR,TN34 2,18.0
SE1 5RY,SE1 5,12.0
W4 3NE,W4 3,13.0
SE11 5SW,SE11 5,13.0
BN2 4NB,BN2 4,20.0
SO50 9XA,SO50 9,8.0
SE3 7TA,SE3 7,14.0
HP13 5UF,HP13 5,14.0
BR4 0LP,BR4 0,12.0
SW18 2EE,SW18 2,14.0
RM13 7RP,RM13 7,17.0
KT11 2DU,KT11 2,11.0
E15 3HH,E15 3,20.0
SW17 0BG,SW17 0,16.0
SO45 4JP,SO45 4,12.0
BR1 1SB,BR1 1,1.0
TN22 3BG,TN22 3,6.0
SE10 8UD,SE10 8,10.0
HA5 1AU,HA5 1,11.0
GU11 1LS,GU11 1,8.0
CR5 1SW,CR5 1,15.0
BR5 4LA,BR5 4,16.0
BN2 6RR,BN2 6,19.0
NW11 0DT,NW11 0,8.0
RH15 8LD,RH15 8,14.0
BR5 3AE,BR5 3,12.0
BN9 9TW,BN9 9,14.0
SO18 6TX,SO18 6,13.0
CR0 3HP,CR0 3,26.0
SO22 6DG,SO22 6,13.0
N10 1PL,N10 1,14.0
PO16 9HA,PO16 9,13.0
MK18 4NS,MK18 4,6.0
TW5 0PX,TW5 0,14.0
TW5 0AG,TW5 0,14.0
CT9 3DP,CT9 3,15.0
GU1 1QX,GU1 1,12.0
HA2 0PY,HA2 0,11.0
OX12 0ER,OX12 0,10.0
RH19 4AU,RH19 4,9.0
CT6 6NE,CT6 6,14.0
N15 5QD,N15 5,16.0
HP13 6DY,HP13 6,11.0
PO12 2RU,PO12 2,14.0
PO3 5EL,PO3 5,9.0
NW4 3SR,NW4 3,10.0
E2 9PH,E2 9,12.0
RH16 2HS,RH16 2,11.0
BN1 8PN,BN1 8,18.0
W11 3AN,W11 3,7.0
GU11 3NT,GU11 3,15.0
TN12 9TB,TN12 9,6.0
SE16 7EB,SE16 7,11.0
SP6 2HU,SP6 2,6.0
GU17 9AX,GU17 9,8.0
RM11 2JN,RM11 2,15.0
NW9 5AG,NW9 5,16.0
HP19 8FJ,HP19 8,5.0
PO12 4XP,PO12 4,22.0
CT6 7JH,CT6 7,15.0
SE3 0JH,SE3 0,10.0
E18 1GN,E18 1,12.0
N19 4NW,N19 4,16.0
SS8 8JR,SS8 8,17.0
RH12 4QN,RH12 4,11.0
SW8 2BP,SW8 2,14.0
SE8 5PY,SE8 5,14.0
GU46 7HG,GU46 7,10.0
RG9 1BD,RG9 1,11.0
RM18 8BU,RM18 8,16.0
SW16 1BZ,SW16 1,14.0
OX44 7QQ,OX44 7,8.0
BN23 5AH,BN23 5,23.0
GU3 1BG,GU3 1,6.0
CT14 6QB,CT14 6,10.0
SS8 7JT,SS8 7,12.0
KT10 8AN,KT10 8,11.0
SE7 8UD,SE7 8,13.0
NW6 4QQ,NW6 4,11.0
SW2 1NF,SW2 1,11.0
DA17 5NG,DA17 5,17.0
CT17 9JB,CT17 9,13.0
HP5 3HJ,HP5 3,11.0
RG30 3TS,RG30 3,12.0
GU31 5PF,GU31 5,7.0
CR0 0HH,CR0 0,26.0
HP16 0JJ,HP16 0,9.0
KT12 1BE,KT12 1,7.0
OX12 8PX,OX12 8,7.0
N22 8ET,N22 8,16.0
GU10 4NX,GU10 4,9.0
SO19 6RF,SO19 6,15.0
SS11 8NR,SS11 8,12.0
GU15 2RS,GU15 2,10.0
SW19 1EX,SW19 1,14.0
PO8 0LX,PO8 0,10.0
GU21 4QF,GU21 4,10.0
WC1R 4LP,WC1R 4,2.0
RG20 8LX,RG20 8,5.0
RM13 9HN,RM13 9,14.0
SO16 7JJ,SO16 7,9.0
GU21 3RX,GU21 3,19.0
SW18 5TH,SW18 5,17.0
TN10 3QA,TN10 3,13.0
E6 6GT,E6 6,19.0
RG12 9BN,RG12 9,13.0
ME8 9HG,ME8 9,17.0
RM2 6DS,RM2 6,15.0
RH6 9LU,RH6 9,13.0
OX33 1JR,OX33 1,9.0
SS13 3PA,SS13 3,14.0
SS16 5HN,SS16 5,13.0
KT20 7PD,KT20 7,8.0
SO45 2EY,SO45 2,14.0
BR1 5BA,BR1 5,23.0
BN3 4QA,BN3 4,15.0
NW9 7XZ,NW9 7,10.0
CM13 3QT,CM13 3,8.0
BR8 8BY,BR8 8,13.0
SO14 6FS,SO14 6,14.0
SO40 3BD,SO40 3,11.0
SO19 9ET,SO19 9,18.0
SE15 6RJ,SE15 6,13.0
SS17 0QZ,SS17 0,13.0
TW13 4FE,TW13 4,15.0
NW2 5JA,NW2 5,14.0
SO15 0NW,SO15 0,5.0
W5 4AQ,W5 4,17.0
CT4 7AZ,CT4 7,9.0
W1G 0BJ,W1G 0,
PO16 8QU,PO16 8,14.0
CT2 8DZ,CT2 8,14.0
RH2 7QW,RH2 7,11.0
NW10 1RF,NW10 1,13.0
CT5 4LE,CT5 4,15.0
SS13 2AT,SS13 2,13.0
SE18 6HA,SE18 6,12.0
UB6 9SX,UB6 9,15.0
SO40 4SB,SO40 4,15.0
TN15 8NQ,TN15 8,8.0
BR4 0BB,BR4 0,12.0
ME5 0NP,ME5 0,18.0
SW12 8HT,SW12 8,16.0
EC1V 4EX,EC1V 4,6.0
TN6 3RU,TN6 3,7.0
TN20 6BG,TN20 6,7.0
E6 1LS,E6 1,19.0
GU9 0HP,GU9 0,12.0
BN16 2RQ,BN16 2,13.0
SS13 2HJ,SS13 2,13.0
CR2 6DQ,CR2 6,14.0
HP18 9DG,HP18 9,9.0
ME14 3ER,ME14 3,5.0
TN21 0YH,TN21 0,7.0
SS4 3DJ,SS4 3,14.0
PO18 8RT,PO18 8,9.0
SM2 6SH,SM2 6,14.0
N12 7HE,N12 7,10.0
KT1 2JB,KT1 2,11.0
SO30 0HG,SO30 0,15.0
ME13 9QQ,ME13 9,7.0
RM1 2QR,RM1 2,10.0
GU27 1NQ,GU27 1,11.0
DA2 7EY,DA2 7,16.0
BN26 5QF,BN26 5,11.0
BN2 1FT,BN2 1,17.0
W1K 4DT,W1K 4,1.0
RH1 4RG,RH1 4,9.0
TW17 0HT,TW17 0,11.0
N3 2QB,N3 2,11.0
N15 3RF,N15 3,17.0
RG7 3EN,RG7 3,11.0
SW14 7NJ,SW14 7,12.0
SO18 5QY,SO18 5,15.0
SO30 4DY,SO30 4,12.0
SE4 2LJ,SE4 2,14.0
PO30 5LX,PO30 5,12.0
GU51 2TN,GU51 2,9.0
W1U 6PQ,W1U 6,3.0
SL9 0LP,SL9 0,7.0
W11 3JS,W11 3,7.0
E10 6EN,E10 6,17.0
RH5 4LN,RH5 4,10.0
E9 7PL,E9 7,17.0
NW5 2PP,NW5 2,13.0
BN17 6SS,BN17 6,17.0
ME8 0LZ,ME8 0,13.0
WC1N 3EQ,WC1N 3,6.0
BN22 9LN,BN22 9,15.0
W1G 9TA,W1G 9,1.0
BR2 7NQ,BR2 7,14.0
RM11 1JS,RM11 1,15.0
SO17 1DR,SO17 1,10.0
SE11 5RQ,SE11 5,13.0
E13 8DN,E13 8,17.0
WC1H 8WN,WC1H 8,8.0
RG1 8SB,RG1 8,5.0
GU14 6LD,GU14 6,11.0
RH1 6AP,RH1 6,13.0
HA8 7JA,HA8 7,6.0
SE12 0UB,SE12 0,14.0
N3 2WW,N3 2,11.0
MK18 5JE,MK18 5,5.0
TW9 3DG,TW9 3,9.0
SS17 8QB,SS17 8,16.0
TN30 7AE,TN30 7,9.0
DA16 3HX,DA16 3,15.0
HP11 2HE,HP11 2,6.0
TN40 2BE,TN40 2,15.0
HP11 2BL,HP11 2,6.0
SO32 3NQ,SO32 3,10.0
PO7 6EN,PO7 6,13.0
CM12 9HX,CM12 9,10.0
CT14 7LA,CT14 7,14.0
OX44 9BT,OX44 9,8.0
PO36 9PD,PO36 9,14.0
SL2 1UQ,SL2 1,17.0
KT20 6LR,KT20 6,8.0
SW11 6JA,SW11 6,15.0
GU14 6GY,GU14 6,11.0
N1 9SY,N1 9,8.0
W1S 4BT,W1S 4,
UB3 2AE,UB3 2,14.0
UB4 9EU,UB4 9,14.0
SO18 5DS,SO18 5,15.0
HA9 8JN,HA9 8,12.0
PO20 9BU,PO20 9,11.0
TW19 7UH,TW19 7,15.0
SW19 3WT,SW19 3,12.0
N1 6LW,N1 6,10.0
SE3 9XE,SE3 9,9.0
SE22 0DA,SE22 0,16.0
CR5 2QG,CR5 2,11.0
CT18 7HJ,CT18 7,14.0
SE16 3QP,SE16 3,14.0
ME6 5FP,ME6 5,15.0
E17 9QT,E17 9,15.0
N5 2SS,N5 2,16.0
E2 8BF,E2 8,11.0
SE8 3NA,SE8 3,15.0
SE12 0ST,SE12 0,14.0
W1K 3JE,W1K 3,1.0
CT5 1JZ,CT5 1,12.0
GU14 0QN,GU14 0,12.0
SL9 0LA,SL9 0,7.0
GU7 3LL,GU7 3,12.0
W8 7RR,W8 7,10.0
E12 5HW,E12 5,19.0
RG6 1NA,RG6 1,11.0
N11 3LJ,N11 3,14.0
KT6 7LT,KT6 7,13.0
SP10 1DU,SP10 1,7.0
CR0 2SB,CR0 2,23.0
E17 5EW,E17 5,19.0
W3 7TZ,W3 7,15.0
SW1P 2QE,SW1P 2,7.0
E1 7WY,E1 7,6.0
SO21 3RL,SO21 3,8.0
SW2 4NQ,SW2 4,15.0
NW11 9LY,NW11 9,8.0
OX11 7RH,OX11 7,14.0
W7 1AF,W7 1,16.0
PO8 8RJ,PO8 8,14.0
CR4 4DD,CR4 4,13.0
BR5 3DN,BR5 3,12.0
BN11 4HW,BN11 4,16.0
RM15 5AD,RM15 5,16.0
RG25 2NB,RG25 2,6.0
CT9 1UA,CT9 1,11.0
SE5 8DQ,SE5 8,17.0
OX13 5DX,OX13 5,7.0
SO14 2AX,SO14 2,5.0
TN24 9BX,TN24 9,16.0
SO30 3GU,SO30 3,12.0
SM4 5BE,SM4 5,14.0
SE18 6PG,SE18 6,12.0
EC2M 4NS,EC2M 4,
HA7 4JH,HA7 4,9.0
RH4 1RL,RH4 1,7.0
W1J 6QL,W1J 6,1.0
KT2 7DX,KT2 7,9.0
NW9 8PT,NW9 8,11.0
GU21 5BT,GU21 5,9.0
GU8 6EQ,GU8 6,8.0
RM15 6PL,RM15 6,16.0
BN1 5HB,BN1 5,15.0
KT13 0NQ,KT13 0,8.0
W6 8DE,W6 8,13.0
E13 9NX,E13 9,17.0
BN13 2BJ,BN13 2,15.0
SW6 7JR,SW6 7,13.0
GU19 5JZ,GU19 5,9.0
RM16 3HS,RM16 3,10.0
CR3 6QQ,CR3 6,12.0
E6 2AW,E6 2,18.0
KT17 3EJ,KT17 3,8.0
KT4 8GT,KT4 8,20.0
BN17 6QE,BN17 6,17.0
RM7 8AJ,RM7 8,20.0
BR7 6AL,BR7 6,13.0
TN23 3AU,TN23 3,15.0
KT19 9TW,KT19 9,17.0
SL2 3HS,SL2 3,8.0
DA1 2LX,DA1 2,15.0
UB7 7UR,UB7 7,11.0
RG9 5LD,RG9 5,6.0
RH16 4LR,RH16 4,10.0
N6 6JH,N6 6,10.0
UB3 2SB,UB3 2,14.0
PO9 3LX,PO9 3,16.0
NW11 6RJ,NW11 6,9.0
TN9 1DB,TN9 1,8.0
RH1 1BJ,RH1 1,7.0
W1D 4HS,W1D 4,2.0
CT16 2FD,CT16 2,18.0
SS9 3PR,SS9 3,16.0
GU35 0NF,GU35 0,12.0
DA16 1PN,DA16 1,19.0
E13 0BY,E13 0,21.0
RM2 5UP,RM2 5,13.0
GU2 7ZE,GU2 7,10.0
E2 6GE,E2 6,15.0
CT6 8DP,CT6 8,14.0
SO32 2PJ,SO32 2,11.0
RH1 4EF,RH1 4,9.0
RH13 5LU,RH13 5,11.0
SM7 2AA,SM7 2,12.0
SS17 8NQ,SS17 8,16.0
N16 6XD,N16 6,16.0
HP10 9BT,HP10 9,10.0
ME19 5QT,ME19 5,9.0
BN5 9YR,BN5 9,9.0
W1F 7DQ,W1F 7,2.0
BN1 6DS,BN1 6,19.0
ME1 1HF,ME1 1,8.0
CM15 9EW,CM15 9,14.0
NW8 8SE,NW8 8,13.0
SL2 1TY,SL2 1,17.0
EC2N 2QQ,EC2N 2,
SE3 7QW,SE3 7,14.0
TN38 0JD,TN38 0,18.0
SE12 0ZW,SE12 0,14.0
GU27 1EU,GU27 1,11.0
UB4 8QB,UB4 8,15.0
RH9 8JJ,RH9 8,12.0
BN15 0AB,BN15 0,15.0
SE9 5SU,SE9 5,14.0
PO20 0EQ,PO20 0,14.0
ME2 2DG,ME2 2,16.0
ME15 6QE,ME15 6,12.0
PO11 9JR,PO11 9,15.0
SO16 9BL,SO16 9,17.0
OX14 4QL,OX14 4,9.0
PO8 9EW,PO8 9,16.0
DA16 2HN,DA16 2,22.0
SW6 3TE,SW6 3,12.0
E5 8LF,E5 8,19.0
RG18 9US,RG18 9,8.0
PO38 1XZ,PO38 1,11.0
CR2 0JR,CR2 0,15.0
RH5 5EP,RH5 5,8.0
TN15 0DS,TN15 0,7.0
TN12 0ND,TN12 0,8.0
BH25 5SL,BH25 5,14.0
HA4 0PP,HA4 0,10.0
PO12 3RA,PO12 3,18.0
CT2 7PS,CT2 7,9.0
TN19 7AH,TN19 7,8.0
UB2 5SJ,UB2 5,15.0
N1 1XN,N1 1,12.0
CT16 1FW,CT16 1,6.0
ME16 0SN,ME16 0,15.0
SS16 6DQ,SS16 6,12.0
N1 9QA,N1 9,8.0
N4 2XR,N4 2,19.0
W1T 2DE,W1T 2,2.0
PO19 5QH,PO19 5,11.0
RG12 8DF,RG12 8,14.0
HP5 3BB,HP5 3,11.0
TW5 9BG,TW5 9,13.0
SW20 0SE,SW20 0,11.0
TN22 1UX,TN22 1,9.0
SE1 5HE,SE1 5,12.0
CT19 5NG,CT19 5,13.0
WC2B 5QZ,WC2B 5,3.0
PO16 8UE,PO16 8,14.0
RH10 1ZG,RH10 1,8.0
BN21 3EX,BN21 3,9.0
BN21 2UL,BN21 2,14.0
KT6 4AR,KT6 4,11.0
ME16 0SL,ME16 0,15.0
E7 0NP,E7 0,17.0
SE1 9SZ,SE1 9,4.0
WC2A 1JB,WC2A 1,
SO15 8PH,SO15 8,14.0
TN24 0NW,TN24 0,15.0
KT19 9TT,KT19 9,17.0
ME15 6UX,ME15 6,12.0
ME16 0RD,ME16 0,15.0
SS1 2SL,SS1 2,18.0
KT22 7LP,KT22 7,8.0
TW2 6SA,TW2 6,16.0
SE8 5EX,SE8 5,14.0
N4 2XJ,N4 2,19.0
BR7 6LF,BR7 6,13.0
N2 9NE,N2 9,12.0
CR0 0LT,CR0 0,26.0
RG12 1WP,RG12 1,
PO20 7HU,PO20 7,7.0
BR6 9DH,BR6 9,17.0
BR3 5PE,BR3 5,15.0
W11 1WG,W11 1,15.0
SO32 2NW,SO32 2,11.0
RH8 9DZ,RH8 9,11.0
PO2 8NL,PO2 8,14.0
SL3 8NZ,SL3 8,18.0
SE1 9NX,SE1 9,4.0
PO36 8ET,PO36 8,12.0
TW13 4DA,TW13 4,15.0
N4 2QT,N4 2,19.0
GU1 2LU,GU1 2,10.0
TW2 5EX,TW2 5,12.0
RH19 2RJ,RH19 2,8.0
SW16 1RP,SW16 1,14.0
CR5 3NG,CR5 3,10.0
SO43 7FY,SO43 7,12.0
NN13 5JJ,NN13 5,6.0
TN25 6RQ,TN25 6,8.0
CT17 9SQ,CT17 9,13.0
W1B 5TW,W1B 5,
E18 1NU,E18 1,12.0
W1G 7AH,W1G 7,2.0
SL6 2SB,SL6 2,12.0
N1 8BZ,N1 8,11.0
ME17 3LP,ME17 3,7.0
SO31 1AE,SO31 1,8.0
TN4 0NS,TN4 0,11.0
DA16 3HN,DA16 3,15.0
SW2 4RB,SW2 4,15.0
NW10 7FU,NW10 7,3.0
IG11 0HF,IG11 0,10.0
CT4 7AU,CT4 7,9.0
E1 0LW,E1 0,16.0
OX9 3BH,OX9 3,10.0
RG1 7LN,RG1 7,10.0
GU1 2AP,GU1 2,10.0
KT13 9SX,KT13 9,9.0
TN38 0QP,TN38 0,18.0
DA1 2DH,DA1 2,15.0
NW3 4AD,NW3 4,13.0
SW17 8TJ,SW17 8,23.0
CR0 5LE,CR0 5,19.0
NW3 6HS,NW3 6,8.0
NW8 9QG,NW8 9,11.0
E1W 3AG,E1W 3,13.0
CT18 8NX,CT18 8,8.0
SE1 4PG,SE1 4,12.0
SL4 3SS,SL4 3,11.0
SE14 5DJ,SE14 5,17.0
E1 5NU,E1 5,15.0
RG20 9HJ,RG20 9,6.0
SL5 8NH,SL5 8,9.0
UB7 0ED,UB7 0,8.0
SO16 7EG,SO16 7,9.0
HP27 0DR,HP27 0,10.0
SL1 9AT,SL1 9,13.0
ME12 4RJ,ME12 4,11.0
SW6 2DX,SW6 2,15.0
UB7 8JY,UB7 8,13.0
SO22 6RW,SO22 6,13.0
DA1 5AF,DA1 5,13.0
GU28 9NH,GU28 9,7.0
RG12 9NE,RG12 9,13.0
SL6 9EU,SL6 9,7.0
ME7 1QZ,ME7 1,14.0
SL6 7QL,SL6 7,10.0
RG14 7HT,RG14 7,11.0
GU18 5UZ,GU18 5,12.0
PO9 5DZ,PO9 5,16.0
CT14 9WD,CT14 9,17.0
SE4 1HG,SE4 1,20.0
GU30 7PG,GU30 7,10.0
SL1 8DZ,SL1 8,7.0
HP19 8TS,HP19 8,5.0
BN16 3BP,BN16 3,13.0
SL7 1PR,SL7 1,8.0
TN14 5RW,TN14 5,9.0
GU34 1BS,GU34 1,9.0
DA14 4HA,DA14 4,16.0
PO9 5EZ,PO9 5,16.0
BN43 5LN,BN43 5,14.0
E6 5TQ,E6 5,16.0
SO40 9AA,SO40 9,12.0
RH15 8UG,RH15 8,14.0
GU21 4LB,GU21 4,10.0
SM4 6AE,SM4 6,20.0
CT16 3AX,CT16 3,10.0
RM2 6RX,RM2 6,15.0
RG42 4BA,RG42 4,7.0
BN44 3TQ,BN44 3,13.0
SS12 9GL,SS12 9,16.0
ME18 5HE,ME18 5,8.0
PO12 4EN,PO12 4,22.0
E15 2SQ,E15 2,12.0
BN23 6AB,BN23 6,12.0
IG1 2JB,IG1 2,16.0
N6 5DW,N6 5,14.0
NW8 9BH,NW8 9,11.0
PO20 9JD,PO20 9,11.0
RG10 8LW,RG10 8,7.0
DA15 9NY,DA15 9,19.0
TN9 2QU,TN9 2,14.0
WC2H 8DW,WC2H 8,1.0
NW1 4ND,NW1 4,4.0
SL9 8PN,SL9 8,5.0
OX12 7LF,OX12 7,10.0
CM15 0QS,CM15 0,12.0
OX39 4TW,OX39 4,9.0
TN2 3EE,TN2 3,11.0
CR3 6NB,CR3 6,12.0
SS9 1PZ,SS9 1,15.0
RH17 7PD,RH17 7,10.0
PO35 5TD,PO35 5,11.0
LU6 2ES,LU6 2,12.0
ME14 2JN,ME14 2,14.0
PO30 4JB,PO30 4,9.0
SE17 3AP,SE17 3,15.0
RG20 8SE,RG20 8,5.0
TW15 1DB,TW15 1,12.0
UB6 9ER,UB6 9,15.0
TN28 8SP,TN28 8,11.0
ME13 7FF,ME13 7,13.0
UB4 9EW,UB4 9,14.0
RH12 5ZJ,RH12 5,16.0
TN6 3SJ,TN6 3,7.0
SW20 0PA,SW20 0,11.0
BN17 5HR,BN17 5,13.0
SL7 1HL,SL7 1,8.0
N1 5JQ,N1 5,14.0
NW1 4AB,NW1 4,4.0
RG42 5LT,RG42 5,5.0
E3 3RT,E3 3,11.0
SW15 6BE,SW15 6,12.0
IG3 9HN,IG3 9,16.0
TW10 6LT,TW10 6,11.0
SW1V 1QF,SW1V 1,4.0
SS14 2ER,SS14 2,16.0
SE7 8JQ,SE7 8,13.0
GU8 4TR,GU8 4,7.0
RG42 6LE,RG42 6,4.0
TW2 5AW,TW2 5,12.0
RG12 7AL,RG12 7,20.0
W5 1RR,W5 1,12.0
SE8 5UT,SE8 5,14.0
RG21 8XE,RG21 8,13.0
SS2 4HH,SS2 4,23.0
SO50 7LW,SO50 7,13.0
GU23 6EH,GU23 6,7.0
RH7 6NR,RH7 6,13.0
SE26 5TG,SE26 5,12.0
CR6 9NL,CR6 9,13.0
N1 5LY,N1 5,14.0
RG10 8QT,RG10 8,7.0
BN17 7QU,BN17 7,11.0
NW10 7QY,NW10 7,3.0
GU1 2HH,GU1 2,10.0
BR6 7PF,BR6 7,10.0
GU9 9AX,GU9 9,11.0
SO45 5UZ,SO45 5,13.0
SE1 6QW,SE1 6,9.0
RG20 6RE,RG20 6,10.0
PO30 2DS,PO30 2,10.0
TN32 5LS,TN32 5,7.0
DA14 4LA,DA14 4,16.0
CT20 3QB,CT20 3,10.0
BN9 0PW,BN9 0,8.0
RM11 3SZ,RM11 3,15.0
TW9 4LU,TW9 4,11.0
NW6 7YX,NW6 7,15.0
TW15 1BS,TW15 1,12.0
TN24 8LS,TN24 8,8.0
E9 5DR,E9 5,15.0
BH25 5JD,BH25 5,14.0
GU6 7BS,GU6 7,11.0
DA8 1YT,DA8 1,17.0
CR4 3NP,CR4 3,19.0
GU1 1YF,GU1 1,12.0
CM14 4QP,CM14 4,13.0
GU6 7QS,GU6 7,11.0
SO32 1EH,SO32 1,10.0
GU2 9TE,GU2 9,16.0
RM17 6UA,RM17 6,18.0
SL6 8TB,SL6 8,8.0
OX14 4QX,OX14 4,9.0
GU15 3AP,GU15 3,7.0
W1U 6SD,W1U 6,3.0
RG8 7PU,RG8 7,6.0
PO10 8SY,PO10 8,11.0
RM2 5QP,RM2 5,13.0
RH15 0TG,RH15 0,12.0
SM3 9LT,SM3 9,18.0
ME4 4EL,ME4 4,5.0
SO24 0BG,SO24 0,7.0
W1S 4JQ,W1S 4,
ME4 5RS,ME4 5,19.0
RH8 9BJ,RH8 9,11.0
SO50 6BR,SO50 6,12.0
SS8 0JF,SS8 0,13.0
KT22 8LE,KT22 8,7.0
NW6 7SH,NW6 7,15.0
GU52 6QY,GU52 6,15.0
DA13 0UU,DA13 0,12.0
BN16 4FD,BN16 4,12.0
TN22 5HH,TN22 5,9.0
W5 2LD,W5 2,12.0
BN12 5QQ,BN12 5,10.0
CM4 0JB,CM4 0,7.0
CM14 4ES,CM14 4,13.0
RM6 6JT,RM6 6,15.0
PO20 9AX,PO20 9,11.0
E1 8AH,E1 8,6.0
SM7 3JX,SM7 3,9.0
GU24 9LT,GU24 9,10.0
PO21 4TX,PO21 4,12.0
TN11 0ER,TN11 0,7.0
GU12 6LH,GU12 6,13.0
W9 2DE,W9 2,17.0
TN34 3LL,TN34 3,17.0
SW9 9JD,SW9 9,14.0
BN9 0EW,BN9 0,8.0
W1U 4NG,W1U 4,4.0
N16 5PP,N16 5,16.0
SL5 7AY,SL5 7,7.0
ME14 5GD,ME14 5,11.0
SW9 8QF,SW9 8,8.0
CR0 7SU,CR0 7,21.0
GU14 0EH,GU14 0,12.0
PO3 6HG,PO3 6,21.0
E11 3JH,E11 3,20.0
TW9 4BP,TW9 4,11.0
BN15 8TP,BN15 8,14.0
SE18 1AU,SE18 1,18.0
CT1 1AD,CT1 1,13.0
W14 0JJ,W14 0,15.0
RG45 7QH,RG45 7,10.0
SO15 0AE,SO15 0,5.0
KT4 7LY,KT4 7,16.0
SW16 5NL,SW16 5,18.0
RM16 2DR,RM16 2,19.0
BR5 4ET,BR5 4,16.0
RG26 4NF,RG26 4,13.0
SO31 4JG,SO31 4,12.0
GU34 1PL,GU34 1,9.0
HA5 1EB,HA5 1,11.0
SS6 8DF,SS6 8,16.0
PO3 5PA,PO3 5,9.0
SO31 9BG,SO31 9,12.0
SS15 6PE,SS15 6,13.0
DA1 1RR,DA1 1,11.0
HA4 9SE,HA4 9,14.0
SL5 8BY,SL5 8,9.0
RG6 7HY,RG6 7,14.0
TN15 0FR,TN15 0,7.0
ME3 0EE,ME3 0,8.0
PO33 1FB,PO33 1,13.0
RH10 9LU,RH10 9,
SM7 3HX,SM7 3,9.0
ME16 8DD,ME16 8,15.0
SE24 9PU,SE24 9,15.0
W2 1AS,W2 1,9.0
GU16 9AE,GU16 9,13.0
PO8 9HD,PO8 9,16.0
MK18 1DY,MK18 1,10.0
N2 9NT,N2 9,12.0
PO14 4JL,PO14 4,12.0
TN3 9TG,TN3 9,6.0
DA2 8BZ,DA2 8,9.0
BN3 4HF,BN3 4,15.0
ME1 3LL,ME1 3,12.0
W1U 1BD,W1U 1,2.0
KT8 1SZ,KT8 1,18.0
N8 0JY,N8 0,16.0
DA1 3HD,DA1 3,22.0
N7 7PX,N7 7,13.0
E16 1ES,E16 1,14.0
RG26 5SH,RG26 5,10.0
RH14 9ES,RH14 9,9.0
E17 8LN,E17 8,19.0
RM11 2AU,RM11 2,15.0
SW16 6AW,SW16 6,17.0
HP7 0DD,HP7 0,7.0
TN28 8SB,TN28 8,11.0
OX10 9QA,OX10 9,7.0
TN39 3SA,TN39 3,15.0
BN1 8GF,BN1 8,18.0
PO22 0DJ,PO22 0,11.0
E3 3PG,E3 3,11.0
PO40 9RR,PO40 9,9.0
N7 7QE,N7 7,13.0
UB7 7AT,UB7 7,11.0
GU14 9RE,GU14 9,16.0
SO30 2LX,SO30 2,15.0
HP19 8LG,HP19 8,5.0
N2 0FZ,N2 0,11.0
TW7 7DR,TW7 7,14.0
SO43 7AA,SO43 7,12.0
KT20 7ED,KT20 7,8.0
SL1 9AP,SL1 9,13.0
UB9 6AR,UB9 6,11.0
BN2 6LL,BN2 6,19.0
SE24 0XW,SE24 0,15.0
TW10 6TZ,TW10 6,11.0
GU9 9HH,GU9 9,11.0
UB2 4AH,UB2 4,11.0
BN23 5PF,BN23 5,23.0
RG18 3FB,RG18 3,14.0
SO21 2LP,SO21 2,10.0
SE13 5RB,SE13 5,17.0
SW19 2DT,SW19 2,15.0
RG8 0BL,RG8 0,7.0
OX12 0AW,OX12 0,10.0
CT9 3RQ,CT9 3,15.0
CT10 3DW,CT10 3,13.0
CT17 9RD,CT17 9,13.0
SO15 1JP,SO15 1,4.0
ME17 1TD,ME17 1,6.0
BN12 6DH,BN12 6,14.0
IG8 8AB,IG8 8,12.0
SW17 8ES,SW17 8,23.0
PO22 0BS,PO22 0,11.0
SM5 1JB,SM5 1,22.0
BN25 3RL,BN25 3,14.0
N2 0RS,N2 0,11.0
SO18 4ES,SO18 4,13.0
SO50 6BS,SO50 6,12.0
PO30 3ES,PO30 3,7.0
W1S 4BL,W1S 4,
CR8 4EQ,CR8 4,14.0
ME10 1BH,ME10 1,17.0
W7 3PE,W7 3,15.0
CT11 7NE,CT11 7,15.0
OX9 2HQ,OX9 2,7.0
TN24 0NR,TN24 0,15.0
SO30 2TG,SO30 2,15.0
SW19 6NX,SW19 6,16.0
PO32 6QW,PO32 6,14.0
SS11 7AZ,SS11 7,11.0
ME12 1PX,ME12 1,10.0
BN5 9XT,BN5 9,9.0
NW1 4YW,NW1 4,4.0
SW19 1HR,SW19 1,14.0
N20 0JL,N20 0,12.0
HP21 8LZ,HP21 8,14.0
SO40 3BH,SO40 3,11.0
GU34 1JL,GU34 1,9.0
E5 8PR,E5 8,19.0
CR0 0RE,CR0 0,26.0
PO1 2PF,PO1 2,5.0
E6 2DP,E6 2,18.0
RH14 0DF,RH14 0,8.0
TW20 0BQ,TW20 0,10.0
HA2 7NY,HA2 7,12.0
PO10 7JN,PO10 7,12.0
EN5 1QH,EN5 1,9.0
PO9 3JY,PO9 3,16.0
TN37 6EW,TN37 6,19.0
PO22 7QF,PO22 7,10.0
BN2 9SR,BN2 9,20.0
TW5 0PN,TW5 0,14.0
TW1 4HZ,TW1 4,10.0
SE16 4PT,SE16 4,11.0
NW3 1AS,NW3 1,8.0
RH19 2EL,RH19 2,8.0
SW18 5BZ,SW18 5,17.0
TN16 1HA,TN16 1,7.0
RG22 4RB,RG22 4,21.0
BH24 1DL,BH24 1,12.0
DA14 6FH,DA14 6,13.0
PO21 5RD,PO21 5,13.0
TN23 1BX,TN23 1,2.0
BR1 4BB,BR1 4,19.0
SS15 5AB,SS15 5,17.0
GU14 8BA,GU14 8,18.0
BN25 3PL,BN25 3,14.0
UB2 5RG,UB2 5,15.0
SS13 1PW,SS13 1,14.0
DA2 8DL,DA2 8,9.0
RG7 1HF,RG7 1,7.0
HA3 0LW,HA3 0,11.0
BR5 1SH,BR5 1,14.0
PO22 7SF,PO22 7,10.0
HA2 7LJ,HA2 7,12.0
W3 6SN,W3 6,14.0
N12 7ED,N12 7,10.0
ME1 1YL,ME1 1,8.0
PO20 9HJ,PO20 9,11.0
NW2 1QA,NW2 1,11.0
HA4 6JG,HA4 6,15.0
PO15 6RP,PO15 6,13.0
CT9 5PQ,CT9 5,16.0
CM14 4BZ,CM14 4,13.0
RH5 4HZ,RH5 4,10.0
RH14 9PA,RH14 9,9.0
BH25 5RS,BH25 5,14.0
PO16 0AG,PO16 0,9.0
HP10 0LS,HP10 0,9.0
GU7 2PN,GU7 2,9.0
BN1 5NL,BN1 5,15.0
E2 0RG,E2 0,15.0
HP13 5YA,HP13 5,14.0
TN21 8TT,TN21 8,9.0
NW9 9PA,NW9 9,12.0
BN2 6RP,BN2 6,19.0
GU27 2JY,GU27 2,9.0
CR0 3BU,CR0 3,26.0
TW8 9JL,TW8 9,7.0
PO20 0BW,PO20 0,14.0
BN18 9HT,BN18 9,9.0
WC2H 9EA,WC2H 9,2.0
W12 7LJ,W12 7,13.0
SL4 4HA,SL4 4,11.0
KT17 2EQ,KT17 2,13.0
TW1 1DD,TW1 1,12.0
BR5 1RU,BR5 1,14.0
IG5 0SW,IG5 0,18.0
PO20 1PR,PO20 1,7.0
PO7 6JD,PO7 6,13.0
SE10 0RS,SE10 0,9.0
KT13 0NN,KT13 0,8.0
OX13 5LR,OX13 5,7.0
SO40 9FN,SO40 9,12.0
DA7 6LY,DA7 6,17.0
BN11 5QB,BN11 5,12.0
HA4 0ES,HA4 0,10.0
CR2 9LW,CR2 9,14.0
SE3 0LX,SE3 0,10.0
SS16 6JD,SS16 6,12.0
DA8 1PG,DA8 1,17.0
BN2 5WD,BN2 5,16.0
GU35 8HS,GU35 8,10.0
SE18 5PD,SE18 5,16.0
SE11 5SG,SE11 5,13.0
SS17 7QP,SS17 7,17.0
SE20 8HJ,SE20 8,15.0
NW10 7QJ,NW10 7,3.0
RH1 4JL,RH1 4,9.0
BN13 3ST,BN13 3,10.0
N1 1GZ,N1 1,12.0
W1H 1FZ,W1H 1,3.0
PO31 8QT,PO31 8,13.0
HA8 6AN,HA8 6,13.0
PO9 6WA,PO9 6,11.0
RG8 9PS,RG8 9,5.0
GU7 3TJ,GU7 3,12.0
RM8 3BT,RM8 3,24.0
PO3 5BN,PO3 5,9.0
GU31 5DL,GU31 5,7.0
RG2 7TX,RG2 7,15.0
N17 9QB,N17 9,13.0
E2 0PT,E2 0,15.0
SW10 9DD,SW10 9,14.0
SP11 6QR,SP11 6,5.0
CR4 3FD,CR4 3,19.0
ME17 4LF,ME17 4,10.0
BN13 2SX,BN13 2,15.0
RG22 4PD,RG22 4,21.0
RG31 6YX,RG31 6,15.0
SW1P 2UH,SW1P 2,7.0
EC1Y 0SG,EC1Y 0,8.0
IG6 1HP,IG6 1,13.0
E17 8QL,E17 8,19.0
SN7 7GD,SN7 7,10.0
KT1 1QT,KT1 1,2.0
BN14 8DQ,BN14 8,11.0
TW9 1PQ,TW9 1,6.0
RG1 8AQ,RG1 8,5.0
RH13 0AG,RH13 0,9.0
SO50 6DX,SO50 6,12.0
GU2 8DF,GU2 8,16.0
EN5 1QX,EN5 1,9.0
TN16 1AF,TN16 1,7.0
TN22 5PR,TN22 5,9.0
BH24 1BW,BH24 1,12.0
CT2 9JQ,CT2 9,10.0
SE21 8EN,SE21 8,15.0
WC1H 9HU,WC1H 9,6.0
KT16 0DY,KT16 0,10.0
IG6 3TE,IG6 3,13.0
SO50 5SY,SO50 5,14.0
N10 2NE,N10 2,13.0
ME14 4EU,ME14 4,11.0
TW3 3HY,TW3 3,12.0
SL6 1TZ,SL6 1,6.0
BH24 1JJ,BH24 1,12.0
CR3 6LT,CR3 6,12.0
TN12 9DP,TN12 9,6.0
RH9 8AD,RH9 8,12.0
ME5 7BY,ME5 7,18.0
SO41 9EG,SO41 9,9.0
BN11 4NN,BN11 4,16.0
UB3 4AG,UB3 4,12.0
E1 8LZ,E1 8,6.0
DA12 2PF,DA12 2,13.0
GU27 3JX,GU27 3,8.0
TN24 8UE,TN24 8,8.0
HP17 8YW,HP17 8,9.0
KT3 3QY,KT3 3,15.0
IG3 8XQ,IG3 8,15.0
E13 8JB,E13 8,17.0
SP11 7NS,SP11 7,7.0
SW3 3DS,SW3 3,12.0
E12 5RU,E12 5,19.0
HP20 1NH,HP20 1,9.0
GU22 9NB,GU22 9,12.0
RG10 8BG,RG10 8,7.0
BN15 0PL,BN15 0,15.0
BN11 1DR,BN11 1,7.0
SS7 5BE,SS7 5,15.0
DA12 5SU,DA12 5,21.0
SS9 5BW,SS9 5,15.0
SO51 0LH,SO51 0,7.0
SO41 5SR,SO41 5,8.0
TN21 9EX,TN21 9,6.0
SL3 9DQ,SL3 9,10.0
CR4 1AF,CR4 1,18.0
N2 0YJ,N2 0,11.0
RH12 4BG,RH12 4,11.0
CT6 6BF,CT6 6,14.0
GU16 8TX,GU16 8,16.0
HA7 4LG,HA7 4,9.0
BN17 6QD,BN17 6,17.0
RH11 8YH,RH11 8,16.0
PO14 4AF,PO14 4,12.0
SL4 1PE,SL4 1,5.0
N12 8SZ,N12 8,10.0
DA16 2BG,DA16 2,22.0
IG8 7JX,IG8 7,15.0
GU9 7JP,GU9 7,7.0
BN15 8ER,BN15 8,14.0
W1F 8ES,W1F 8,
N7 7JQ,N7 7,13.0
BR6 0EY,BR6 0,12.0
RH7 6LZ,RH7 6,13.0
SO15 5RP,SO15 5,15.0
RG28 7PX,RG28 7,9.0
N7 6QP,N7 6,12.0
RH19 1JB,RH19 1,8.0
HP16 9EA,HP16 9,8.0
RG1 1LD,RG1 1,1.0
SW1V 3BS,SW1V 3,17.0
SW6 2FT,SW6 2,15.0
SO45 4JQ,SO45 4,12.0
GU12 5RQ,GU12 5,12.0
RH6 9PX,RH6 9,13.0
W7 3TA,W7 3,15.0
SW13 9DW,SW13 9,11.0
PO13 0NZ,PO13 0,18.0
HA2 6LY,HA2 6,14.0
BR3 5XY,BR3 5,15.0
NW2 6XE,NW2 6,11.0
GU2 8HL,GU2 8,16.0
W1T 5EE,W1T 5,5.0
NW11 7AU,NW11 7,7.0
SL4 4PY,SL4 4,11.0
KT10 0NS,KT10 0,12.0
HP12 4RR,HP12 4,12.0
SW13 0BJ,SW13 0,12.0
BH23 8EB,BH23 8,12.0
W7 3RR,W7 3,15.0
TW12 2AX,TW12 2,11.0
SO21 2NA,SO21 2,10.0
SS6 8XP,SS6 8,16.0
SO16 8GS,SO16 8,22.0
HP11 1XA,HP11 1,9.0
W1S 3LZ,W1S 3,
KT2 5LX,KT2 5,16.0
TW14 9BP,TW14 9,16.0
SL1 5HY,SL1 5,17.0
NW5 1JL,NW5 1,11.0
GU28 0LL,GU28 0,7.0
SL5 7FW,SL5 7,7.0
CT9 4AX,CT9 4,11.0
W1H 4LW,W1H 4,3.0
BN27 2LF,BN27 2,9.0
SS16 6DL,SS16 6,12.0
SO45 1EJ,SO45 1,14.0
RG2 8JQ,RG2 8,17.0
HA2 8NX,HA2 8,14.0
SL7 2NP,SL7 2,7.0
EN4 8AN,EN4 8,14.0
GU28 0LW,GU28 0,7.0
CT10 2QW,CT10 2,13.0
GU9 7UE,GU9 7,7.0
SN7 8EA,SN7 8,6.0
TN16 3YN,TN16 3,13.0
NW1 8YB,NW1 8,10.0
KT23 3JP,KT23 3,10.0
SO30 0QP,SO30 0,15.0
CT6 7AS,CT6 7,15.0
N8 9ER,N8 9,14.0
BN25 2UJ,BN25 2,11.0
E3 5RG,E3 5,15.0
BN16 3EP,BN16 3,13.0
PO21 3HQ,PO21 3,13.0
SO40 9GA,SO40 9,12.0
W3 0SL,W3 0,9.0
SO51 7JT,SO51 7,17.0
DA8 3AA,DA8 3,17.0
SE1 6JX,SE1 6,9.0
W2 1UH,W2 1,9.0
RG5 3EZ,RG5 3,16.0
GU14 8SA,GU14 8,18.0
ME14 2WB,ME14 2,14.0
PO9 2SE,PO9 2,13.0
GU15 3YL,GU15 3,7.0
HA3 5LG,HA3 5,12.0
ME17 1TX,ME17 1,6.0
KT6 4HS,KT6 4,11.0
RH11 0PD,RH11 0,12.0
CT3 1NR,CT3 1,7.0
E11 2ED,E11 2,16.0
N10 3QP,N10 3,12.0
GU15 3SD,GU15 3,7.0
CT2 7AU,CT2 7,9.0
TN40 1FD,TN40 1,14.0
GU29 9HG,GU29 9,9.0
IG7 4LT,IG7 4,14.0
W1H 7JF,W1H 7,4.0
SS17 9EQ,SS17 9,10.0
SW8 4LN,SW8 4,14.0
W2 3AN,W2 3,12.0
DA5 1PS,DA5 1,12.0
ME7 1UQ,ME7 1,14.0
SE18 6EN,SE18 6,12.0
PO19 3LF,PO19 3,12.0
SE9 1NE,SE9 1,16.0
E3 3UP,E3 3,11.0
SO51 8DA,SO51 8,7.0
RH14 0QL,RH14 0,8.0
N1 6DW,N1 6,10.0
SL1 2AE,SL1 2,16.0
RH1 4LS,RH1 4,9.0
HA5 1BB,HA5 1,11.0
HP17 8DX,HP17 8,9.0
WC2H 8BS,WC2H 8,1.0
ME15 0QY,ME15 0,7.0
GU26 6SU,GU26 6,9.0
GU9 0AJ,GU9 0,12.0
TW13 4GH,TW13 4,15.0
RG7 3JH,RG7 3,11.0
KT4 7DY,KT4 7,16.0
TN22 3HU,TN22 3,6.0
ME13 0LL,ME13 0,6.0
DA12 3BW,DA12 3,9.0
CT20 3AW,CT20 3,10.0
GU14 8NZ,GU14 8,18.0
SW19 4LH,SW19 4,9.0
EC1V 3PA,EC1V 3,11.0
RM5 3PL,RM5 3,15.0
CT1 3XS,CT1 3,13.0
PO38 3NY,PO38 3,11.0
E5 8AJ,E5 8,19.0
SL1 3BD,SL1 3,13.0
HP14 3AX,HP14 3,10.0
BN14 8AP,BN14 8,11.0
TN22 1BF,TN22 1,9.0
BN20 9BX,BN20 9,12.0
OX33 1LJ,OX33 1,9.0
GU27 3BJ,GU27 3,8.0
BN1 3HB,BN1 3,15.0
GU26 6AA,GU26 6,9.0
GU30 7RE,GU30 7,10.0
HP14 3UN,HP14 3,10.0
HP6 5RP,HP6 5,8.0
PO11 9JZ,PO11 9,15.0
RM1 2RL,RM1 2,10.0
CR0 6RR,CR0 6,31.0
PO21 3RW,PO21 3,13.0
BN16 3RT,BN16 3,13.0
TN34 2PX,TN34 2,18.0
RH20 4LP,RH20 4,11.0
E17 8BD,E17 8,19.0
DA17 6AA,DA17 6,13.0
E10 6UL,E10 6,17.0
SW3 2TP,SW3 2,10.0
GU34 5JF,GU34 5,8.0
KT1 1TY,KT1 1,2.0
ME8 8ET,ME8 8,14.0
GU8 4NB,GU8 4,7.0
BR1 2FW,BR1 2,12.0
TN16 1ES,TN16 1,7.0
DA4 0HW,DA4 0,10.0
TN35 5ZB,TN35 5,19.0
GU31 5JE,GU31 5,7.0
RH4 1QP,RH4 1,7.0
SW2 2BQ,SW2 2,16.0
N19 5HT,N19 5,14.0
GU34 4JW,GU34 4,7.0
PO15 6NH,PO15 6,13.0
IG3 8UZ,IG3 8,15.0
PO37 6RQ,PO37 6,8.0
GU14 8EE,GU14 8,18.0
E3 3NP,E3 3,11.0
E4 6PZ,E4 6,19.0
RG2 0FF,RG2 0,7.0
E17 7AH,E17 7,14.0
GU10 3BL,GU10 3,8.0
E4 7AX,E4 7,15.0
RG2 7DB,RG2 7,15.0
CM13 2QY,CM13 2,15.0
PO19 7SB,PO19 7,14.0
HA7 3JJ,HA7 3,9.0
BR1 5AP,BR1 5,23.0
ME10 1JY,ME10 1,17.0
E18 2UB,E18 2,17.0
SW2 3AL,SW2 3,18.0
CT14 6DX,CT14 6,10.0
ME15 8AN,ME15 8,13.0
KT12 4PS,KT12 4,11.0
RG42 3TQ,RG42 3,14.0
SM4 5NY,SM4 5,14.0
RG14 6NE,RG14 6,13.0
W5 4XY,W5 4,17.0
GU34 3JF,GU34 3,5.0
KT2 5GW,KT2 5,16.0
CT16 1SB,CT16 1,6.0
E6 5QU,E6 5,16.0
SW17 0HT,SW17 0,16.0
PO7 5HG,PO7 5,14.0
RM10 7AX,RM10 7,16.0
N19 4LB,N19 4,16.0
RH2 0SU,RH2 0,10.0
SW16 5ED,SW16 5,18.0
GU25 4TD,GU25 4,7.0
SO50 4HW,SO50 4,16.0
PO21 2DR,PO21 2,13.0
BR6 9EF,BR6 9,17.0
TW16 7BZ,TW16 7,12.0
E9 5DT,E9 5,15.0
HP21 9LT,HP21 9,13.0
W9 3NX,W9 3,16.0
OX10 9NW,OX10 9,7.0
RH1 3AG,RH1 3,13.0
SW8 4NE,SW8 4,14.0
SO19 7GL,SO19 7,16.0
W1U 3JU,W1U 3,2.0
PO22 7DN,PO22 7,10.0
HP10 9ES,HP10 9,10.0
N1 1BS,N1 1,12.0
TN5 6JT,TN5 6,7.0
CM15 8QP,CM15 8,10.0
SS13 1LS,SS13 1,14.0
TN22 3QZ,TN22 3,6.0
OX10 6JQ,OX10 6,9.0
CT16 2DP,CT16 2,18.0
UB10 8BP,UB10 8,14.0
TN6 2JA,TN6 2,11.0
RM6 5EP,RM6 5,22.0
ME13 9QL,ME13 9,7.0
SW1P 2XE,SW1P 2,7.0
KT19 9HH,KT19 9,17.0
TW11 8HY,TW11 8,10.0
NW8 6HN,NW8 6,10.0
CR8 2HL,CR8 2,13.0
E9 7JF,E9 7,17.0
RH7 6JR,RH7 6,13.0
RG17 0FX,RG17 0,8.0
SO31 6EL,SO31 6,15.0
SS16 5HS,SS16 5,13.0
RG8 9RX,RG8 9,5.0
OX12 9BH,OX12 9,10.0
OX12 9PH,OX12 9,10.0
SW12 9RW,SW12 9,16.0
OX13 5PJ,OX13 5,7.0
IG1 4UY,IG1 4,12.0
RG40 3SW,RG40 3,6.0
SE15 1PE,SE15 1,11.0
IG11 9PP,IG11 9,21.0
OX14 3HL,OX14 3,9.0
TN31 6HU,TN31 6,9.0
KT13 0HB,KT13 0,8.0
BR6 7BF,BR6 7,10.0
NW1 4GB,NW1 4,4.0
TN15 7PP,TN15 7,6.0
BN24 5EG,BN24 5,11.0
CT1 3TW,CT1 3,13.0
NW5 4QE,NW5 4,16.0
SS2 6SF,SS2 6,14.0
GU22 8UD,GU22 8,11.0
PO21 2YH,PO21 2,13.0
CR0 4DA,CR0 4,20.0
SE1 7PS,SE1 7,8.0
RG14 7JN,RG14 7,11.0
E2 7SW,E2 7,14.0
KT11 1DF,KT11 1,6.0
RG1 7QG,RG1 7,10.0
ME1 2HS,ME1 2,18.0
SW16 2XH,SW16 2,19.0
SO45 2LL,SO45 2,14.0
CR0 7DA,CR0 7,21.0
RG30 4YS,RG30 4,16.0
HA6 3NR,HA6 3,7.0
SS1 2AG,SS1 2,18.0
CT21 4EW,CT21 4,8.0
TN14 7UB,TN14 7,7.0
PO21 3HH,PO21 3,13.0
CR0 5LW,CR0 5,19.0
CT11 8PJ,CT11 8,13.0
SO41 8GG,SO41 8,11.0
RH6 8SP,RH6 8,12.0
BN21 3AQ,BN21 3,9.0
RM3 8AW,RM3 8,13.0
HP10 9PJ,HP10 9,10.0
E17 7LH,E17 7,14.0
KT19 8BS,KT19 8,10.0
CT4 5BJ,CT4 5,7.0
SE1 3JZ,SE1 3,11.0
DA8 1ZT,DA8 1,17.0
N3 3AY,N3 3,10.0
N1 2RB,N1 2,14.0
RH12 1DD,RH12 1,9.0
HA8 5SF,HA8 5,12.0
CT11 7EJ,CT11 7,15.0
RG1 4TB,RG1 4,5.0
TW20 9RD,TW20 9,9.0
SE16 5RE,SE16 5,16.0
W6 9QY,W6 9,10.0
SM7 3BW,SM7 3,9.0
SW18 1SQ,SW18 1,14.0
DA11 9AE,DA11 9,15.0
E6 3HU,E6 3,20.0
W1J 7AJ,W1J 7,3.0
BN41 1ES,BN41 1,11.0
SE25 5DN,SE25 5,15.0
TN15 0EH,TN15 0,7.0
DA7 5RU,DA7 5,20.0
CT5 4AA,CT5 4,15.0
RG24 8SL,RG24 8,12.0
TN34 2AF,TN34 2,18.0
RG6 7LX,RG6 7,14.0
HP13 5EP,HP13 5,14.0
ME7 5EP,ME7 5,14.0
GU2 9SE,GU2 9,16.0
N16 8AD,N16 8,15.0
TW18 4XS,TW18 4,6.0
CT6 6NP,CT6 6,14.0
N4 1RQ,N4 1,14.0
NW8 9PS,NW8 9,11.0
KT15 3TU,KT15 3,13.0
SO22 4JF,SO22 4,17.0
KT2 7PB,KT2 7,9.0
GU4 7SG,GU4 7,12.0
HA8 7BJ,HA8 7,6.0
SM6 8AT,SM6 8,16.0
RH1 6PS,RH1 6,13.0
W10 5HR,W10 5,14.0
KT6 5AU,KT6 5,13.0
CR0 7SW,CR0 7,21.0
BR5 2EQ,BR5 2,17.0
GU5 9ED,GU5 9,7.0
HP7 0BG,HP7 0,7.0
CT21 6HH,CT21 6,13.0
W12 9EU,W12 9,18.0
ME2 2YX,ME2 2,16.0
GU8 6QG,GU8 6,8.0
SO22 6BH,SO22 6,13.0
OX10 9BT,OX10 9,7.0
TN33 9JQ,TN33 9,8.0
TN9 2NE,TN9 2,14.0
HP5 2BY,HP5 2,12.0
SM3 9HF,SM3 9,18.0
SM5 4PH,SM5 4,13.0
RG25 2AL,RG25 2,6.0
SW3 3NT,SW3 3,12.0
BN21 4SU,BN21 4,8.0
HP12 3QL,HP12 3,12.0
NW9 4AB,NW9 4,
SO15 1GG,SO15 1,4.0
E2 0SB,E2 0,15.0
TN9 1DE,TN9 1,8.0
RH10 1RW,RH10 1,8.0
TN4 0EH,TN4 0,11.0
PO17 5AN,PO17 5,9.0
E12 6AR,E12 6,21.0
E11 4AJ,E11 4,15.0
GU35 8HL,GU35 8,10.0
W1F 7BB,W1F 7,2.0
SW20 0SR,SW20 0,11.0
RH16 4DJ,RH16 4,10.0
SW2 5AU,SW2 5,15.0
CT3 3JB,CT3 3,10.0
KT8 2EL,KT8 2,12.0
RH8 9AN,RH8 9,11.0
NW6 1AQ,NW6 1,14.0
BH24 1ZG,BH24 1,12.0
PO8 9AS,PO8 9,16.0
PO20 9AL,PO20 9,11.0
PO21 4UF,PO21 4,12.0
WC1X 0ED,WC1X 0,9.0
GU52 8LF,GU52 8,8.0
GU11 3JT,GU11 3,15.0
SO16 9FW,SO16 9,17.0
SS12 0RG,SS12 0,13.0
KT8 9DL,KT8 9,7.0
SE23 3HU,SE23 3,14.0
SL4 3RE,SL4 3,11.0
TN34 3RF,TN34 3,17.0
OX12 8NL,OX12 8,7.0
BN2 8WR,BN2 8,16.0
ME17 1FZ,ME17 1,6.0
E1 6EA,E1 6,6.0
KT3 5JJ,KT3 5,15.0
IG8 7DW,IG8 7,15.0
W1S 2TS,W1S 2,
DA8 2BG,DA8 2,18.0
SM4 6BN,SM4 6,20.0
SP11 6JF,SP11 6,5.0
SL4 5JA,SL4 5,11.0
TN10 3DA,TN10 3,13.0
UB4 0AB,UB4 0,13.0
W1F 8SZ,W1F 8,
GU14 9BQ,GU14 9,16.0
BN43 5WH,BN43 5,14.0
E3 2TB,E3 2,16.0
BN8 5DQ,BN8 5,8.0
SE9 1SW,SE9 1,16.0
SE3 7PZ,SE3 7,14.0
TW19 6EA,TW19 6,8.0
NW10 8PF,NW10 8,13.0
KT9 1XQ,KT9 1,12.0
SW18 1PF,SW18 1,14.0
CR8 3BL,CR8 3,9.0
HP15 6LW,HP15 6,11.0
RH1 6TD,RH1 6,13.0
W13 8HE,W13 8,11.0
TW3 3JY,TW3 3,12.0
BN25 4NG,BN25 4,7.0
W12 0LQ,W12 0,17.0
W13 9LE,W13 9,16.0
OX10 9HE,OX10 9,7.0
KT2 5LN,KT2 5,16.0
PO3 5RJ,PO3 5,9.0
UB4 8JP,UB4 8,15.0
CT10 3DQ,CT10 3,13.0
TN9 2LN,TN9 2,14.0
E5 9RH,E5 9,17.0
N17 6HF,N17 6,21.0
SL3 0NF,SL3 0,6.0
N17 9NX,N17 9,13.0
E16 4AY,E16 4,15.0
RG21 4PU,RG21 4,6.0
CT10 3DF,CT10 3,13.0
HA3 0LS,HA3 0,11.0
IG11 9RJ,IG11 9,21.0
W1W 6UJ,W1W 6,5.0
SM6 7AX,SM6 7,12.0
RM13 9LL,RM13 9,14.0
BR6 8NH,BR6 8,13.0
SN7 7NL,SN7 7,10.0
W2 6DN,W2 6,15.0
RH6 0PB,RH6 0,4.0
PO20 7BZ,PO20 7,7.0
RM10 9EL,RM10 9,20.0
SO45 5GD,SO45 5,13.0
E1W 3ET,E1W 3,13.0
MK18 7HD,MK18 7,9.0
CT5 2QW,CT5 2,14.0
PO20 9EH,PO20 9,11.0
SE18 3EY,SE18 3,15.0
E14 3DS,E14 3,20.0
E4 6QB,E4 6,19.0
ME4 6NS,ME4 6,13.0
SO22 5HB,SO22 5,9.0
TN25 4PB,TN25 4,9.0
MK18 7BE,MK18 7,9.0
RG2 8NX,RG2 8,17.0
BN15 9US,BN15 9,16.0
KT21 2JR,KT21 2,11.0
GU25 4JA,GU25 4,7.0
RH15 9AJ,RH15 9,9.0
OX13 5JF,OX13 5,7.0
PO19 8TE,PO19 8,10.0
RG17 8NH,RG17 8,11.0
ME19 4XR,ME19 4,8.0
GU16 8HZ,GU16 8,16.0
SS16 4JB,SS16 4,17.0
W6 9SU,W6 9,10.0
PO14 4RY,PO14 4,12.0
EN5 3DN,EN5 3,9.0
SW12 8PP,SW12 8,16.0
SS0 8HT,SS0 8,18.0
PO10 7TJ,PO10 7,12.0
SE22 0XD,SE22 0,16.0
SP10 3NG,SP10 3,15.0
SM7 2BY,SM7 2,12.0
BR2 8GP,BR2 8,17.0
SW16 1AW,SW16 1,14.0
SL2 4LU,SL2 4,9.0
KT13 9XP,KT13 9,9.0
RG8 7NZ,RG8 7,6.0
SS4 3RB,SS4 3,14.0
RG31 5DH,RG31 5,13.0
PO14 4PY,PO14 4,12.0
RM16 2XQ,RM16 2,19.0
SW6 4SE,SW6 4,10.0
E10 6LA,E10 6,17.0
GU15 1LR,GU15 1,11.0
BN3 4JF,BN3 4,15.0
RG7 6AX,RG7 6,6.0
HA4 9RZ,HA4 9,14.0
SE12 0SJ,SE12 0,14.0
GU34 2HZ,GU34 2,12.0
SL9 8NP,SL9 8,5.0
WC2B 5TA,WC2B 5,3.0
PO12 2ED,PO12 2,14.0
W1U 3JX,W1U 3,2.0
PO1 3DX,PO1 3,10.0
GU9 9DZ,GU9 9,11.0
OX12 0QE,OX12 0,10.0
BN27 4BZ,BN27 4,6.0
GU14 8RN,GU14 8,18.0
SE11 6DQ,SE11 6,14.0
CR0 2GF,CR0 2,23.0
RH1 2JE,RH1 2,13.0
PO17 6LU,PO17 6,5.0
TN24 9RD,TN24 9,16.0
CR5 3YF,CR5 3,10.0
RM15 4DP,RM15 4,15.0
SW3 6NB,SW3 6,7.0
BR2 0QX,BR2 0,16.0
SO18 6BF,SO18 6,13.0
ME8 8LU,ME8 8,14.0
RM16 2GH,RM16 2,19.0
SO17 2GY,SO17 2,14.0
SL6 9BY,SL6 9,7.0
GU30 7HQ,GU30 7,10.0
BH24 3AP,BH24 3,7.0
RG12 7BP,RG12 7,20.0
PO12 1QS,PO12 1,15.0
ME17 2LA,ME17 2,7.0
SS0 7RP,SS0 7,17.0
GU10 2EP,GU10 2,6.0
CR2 7ND,CR2 7,15.0
PO6 2RA,PO6 2,16.0
RG7 1HE,RG7 1,7.0
NW11 6UE,NW11 6,9.0
PO33 1LA,PO33 1,13.0
IG8 9AB,IG8 9,14.0
BN13 2AA,BN13 2,15.0
HP22 5RB,HP22 5,14.0
BN3 6LD,BN3 6,14.0
BN43 5XN,BN43 5,14.0
SE18 1ER,SE18 1,18.0
RG21 4DT,RG21 4,6.0
PO16 8NF,PO16 8,14.0
RM6 6UD,RM6 6,15.0
ME14 5LA,ME14 5,11.0
SO31 5PT,SO31 5,15.0
UB3 2AB,UB3 2,14.0
CM15 0DU,CM15 0,12.0
TW5 0TR,TW5 0,14.0
KT12 1AB,KT12 1,7.0
TN18 5ZX,TN18 5,6.0
PO34 5HE,PO34 5,12.0
BN1 2HS,BN1 2,10.0
BN2 8FT,BN2 8,16.0
PO8 0TU,PO8 0,10.0
PO19 1TY,PO19 1,3.0
W11 3BJ,W11 3,7.0
EC1A 4EU,EC1A 4,2.0
PO18 0FS,PO18 0,7.0
KT10 8EE,KT10 8,11.0
RG22 5BW,RG22 5,13.0
BN22 7RZ,BN22 7,10.0
W5 5WT,W5 5,8.0
UB1 1DW,UB1 1,9.0
SL1 5AN,SL1 5,17.0
CT16 1LU,CT16 1,6.0
SO15 3EJ,SO15 3,12.0
E15 4QD,E15 4,14.0
HA8 8AY,HA8 8,14.0
KT17 3BF,KT17 3,8.0
PO6 2RT,PO6 2,16.0
BN13 3RX,BN13 3,10.0
SS8 9DP,SS8 9,17.0
SE8 3QS,SE8 3,15.0
ME3 9LH,ME3 9,13.0
RG45 6QU,RG45 6,10.0
CT20 1PA,CT20 1,12.0
OX14 5NU,OX14 5,14.0
GU8 5QH,GU8 5,10.0
UB8 2JH,UB8 2,12.0
N16 0SQ,N16 0,13.0
SO50 5BS,SO50 5,14.0
SM2 5SU,SM2 5,17.0
GU9 9TD,GU9 9,11.0
ME15 7QU,ME15 7,15.0
BR4 9JS,BR4 9,14.0
HA3 6BA,HA3 6,12.0
BN16 1LB,BN16 1,11.0
HP6 6AG,HP6 6,10.0
N15 3SB,N15 3,17.0
KT5 9NZ,KT5 9,17.0
HP13 7QH,HP13 7,19.0
W6 9NU,W6 9,10.0
NW10 4RA,NW10 4,13.0
SL9 8RY,SL9 8,5.0
CT16 1JZ,CT16 1,6.0
SW9 8LA,SW9 8,8.0
W11 2PJ,W11 2,11.0
TW2 6PQ,TW2 6,16.0
RH5 4RA,RH5 4,10.0
TN2 4BE,TN2 4,11.0
CT13 0PQ,CT13 0,11.0
SO31 1DJ,SO31 1,8.0
RG7 2DP,RG7 2,5.0
PO16 7SU,PO16 7,10.0
SE16 3PF,SE16 3,14.0
PO16 9SD,PO16 9,13.0
SL0 9AQ,SL0 9,9.0
ME3 9JE,ME3 9,13.0
KT3 6NQ,KT3 6,17.0
HA9 9HA,HA9 9,11.0
RH5 6ER,RH5 6,6.0
NW7 3EX,NW7 3,8.0
RG42 3RU,RG42 3,14.0
TW14 0QE,TW14 0,8.0
BR3 5JT,BR3 5,15.0
PO7 7JA,PO7 7,10.0
RG6 4DL,RG6 4,15.0
TW1 2JH,TW1 2,10.0
HA7 3EE,HA7 3,9.0
PO21 2UH,PO21 2,13.0
PO5 2DU,PO5 2,14.0
OX14 5NG,OX14 5,14.0
W1W 7PF,W1W 7,2.0
E11 3WL,E11 3,20.0
SW20 0DE,SW20 0,11.0
SL8 5EB,SL8 5,7.0
GU16 8RG,GU16 8,16.0
RH19 2PL,RH19 2,8.0
OX2 9HG,OX2 9,11.0
TN8 5DZ,TN8 5,8.0
RH17 7LF,RH17 7,10.0
SW17 0TA,SW17 0,16.0
SO40 3QS,SO40 3,11.0
TN37 7ZD,TN37 7,13.0
TW19 7RN,TW19 7,15.0
GU27 2FE,GU27 2,9.0
PO19 3RA,PO19 3,12.0
SW16 5JF,SW16 5,18.0
SL6 4JU,SL6 4,9.0
N7 7NB,N7 7,13.0
W1J 8SB,W1J 8,2.0
NW8 0JS,NW8 0,12.0
SW18 3LL,SW18 3,19.0
BN15 9RL,BN15 9,16.0
WC1V 6PL,WC1V 6,1.0
CR0 6JP,CR0 6,31.0
SE26 5EU,SE26 5,12.0
SW18 1BD,SW18 1,14.0
SO45 6DP,SO45 6,12.0
GU8 6ND,GU8 6,8.0
PO14 1EA,PO14 1,11.0
HA1 3BJ,HA1 3,11.0
BN27 4TH,BN27 4,6.0
W1F 7EL,W1F 7,2.0
RG9 5SL,RG9 5,6.0
RH11 9LL,RH11 9,16.0
BN11 4RH,BN11 4,16.0
SE23 3SB,SE23 3,14.0
ME17 3LZ,ME17 3,7.0
SO31 8HD,SO31 8,12.0
TN12 9SG,TN12 9,6.0
CT6 7FF,CT6 7,15.0
RG14 3BT,RG14 3,11.0
NW7 3JH,NW7 3,8.0
TN14 7JA,TN14 7,7.0
SL5 0QQ,SL5 0,6.0
N1 6PW,N1 6,10.0
TN13 2TG,TN13 2,10.0
CT15 7JX,CT15 7,7.0
ME8 8JZ,ME8 8,14.0
RG17 0AZ,RG17 0,8.0
OX49 5AZ,OX49 5,6.0
LU7 0JW,LU7 0,10.0
UB3 1NQ,UB3 1,9.0
SL1 1RU,SL1 1,7.0
SL7 3LF,SL7 3,10.0
TN6 1DT,TN6 1,9.0
PO12 2SZ,PO12 2,14.0
SO15 1RE,SO15 1,4.0
BH23 8JW,BH23 8,12.0
KT15 1FF,KT15 1,13.0
ME15 9GE,ME15 9,12.0
GU31 4BT,GU31 4,12.0
N7 6BH,N7 6,12.0
TN12 7LY,TN12 7,6.0
RM5 2HA,RM5 2,16.0
HA5 2BT,HA5 2,13.0
SM3 9QF,SM3 9,18.0
SO32 1EB,SO32 1,10.0
TN24 9PW,TN24 9,16.0
PO30 2JE,PO30 2,10.0
GU12 5AP,GU12 5,12.0
NW6 1UE,NW6 1,14.0
HA2 6EF,HA2 6,14.0
OX13 6QJ,OX13 6,10.0
GU15 4AE,GU15 4,8.0
TN35 4QU,TN35 4,12.0
IG11 9QU,IG11 9,21.0
E17 6GT,E17 6,17.0
SM6 7PJ,SM6 7,12.0
SL1 7AG,SL1 7,12.0
SM4 6BZ,SM4 6,20.0
W2 5UA,W2 5,15.0
SE8 3HU,SE8 3,15.0
IG9 5JZ,IG9 5,12.0
PO30 1EE,PO30 1,10.0
KT1 3AU,KT1 3,16.0
BN24 6AJ,BN24 6,11.0
N12 0EQ,N12 0,11.0
N3 2SH,N3 2,11.0
GU26 6ND,GU26 6,9.0
E17 5LS,E17 5,19.0
PO39 0EJ,PO39 0,11.0
HP27 0RW,HP27 0,10.0
GU12 6AG,GU12 6,13.0
GU30 7DD,GU30 7,10.0
TW1 4HF,TW1 4,10.0
GU22 8QN,GU22 8,11.0
BN17 6EF,BN17 6,17.0
HA4 6UH,HA4 6,15.0
UB6 7QG,UB6 7,12.0
SL6 6AJ,SL6 6,11.0
CM12 9AH,CM12 9,10.0
CT6 7TR,CT6 7,15.0
CT7 9HR,CT7 9,14.0
E1W 3GP,E1W 3,13.0
DA11 0AD,DA11 0,15.0
SE9 2JN,SE9 2,15.0
BN12 5EP,BN12 5,10.0
DA8 2DF,DA8 2,18.0
PO13 0PX,PO13 0,18.0
TW1 4BF,TW1 4,10.0
RG6 7SS,RG6 7,14.0
TW18 1HZ,TW18 1,12.0
BN27 2AQ,BN27 2,9.0
E5 0LG,E5 0,19.0
RG4 6QS,RG4 6,12.0
W4 3PN,W4 3,13.0
W1G 6PG,W1G 6,3.0
DA11 7JB,DA11 7,16.0
HP12 3AS,HP12 3,12.0
BR6 8LR,BR6 8,13.0
HA2 0RL,HA2 0,11.0
BN25 1DR,BN25 1,10.0
SE7 8PP,SE7 8,13.0
SL4 1JQ,SL4 1,5.0
SN7 7QF,SN7 7,10.0
RG12 7FF,RG12 7,20.0
PO36 0BP,PO36 0,11.0
PO1 5EX,PO1 5,18.0
WC1N 1EP,WC1N 1,8.0
E15 2PE,E15 2,12.0
BN9 0BF,BN9 0,8.0
UB8 3QS,UB8 3,17.0
PO7 7RQ,PO7 7,10.0
BN11 5QA,BN11 5,12.0
KT7 0LG,KT7 0,11.0
RM11 3BX,RM11 3,15.0
ME3 7UG,ME3 7,10.0
RG19 8SL,RG19 8,7.0
PO22 9DH,PO22 9,12.0
ME8 0WQ,ME8 0,13.0
BN20 8RF,BN20 8,12.0
N1 5QU,N1 5,14.0
SE17 3QR,SE17 3,15.0
E15 2LE,E15 2,12.0
E1 4PX,E1 4,14.0
W12 9RW,W12 9,18.0
W1T 4BJ,W1T 4,1.0
ME7 5TW,ME7 5,14.0
RG7 3AS,RG7 3,11.0
TW12 2DH,TW12 2,11.0
GU14 9AU,GU14 9,16.0
SW8 2NX,SW8 2,14.0
HA2 6NX,HA2 6,14.0
BR5 4EW,BR5 4,16.0
GU52 7SN,GU52 7,12.0
CM15 9LB,CM15 9,14.0
SO30 2AF,SO30 2,15.0
SS9 2PB,SS9 2,12.0
BN12 5PA,BN12 5,10.0
BR6 6JR,BR6 6,12.0
BH24 3PG,BH24 3,7.0
TN33 0SU,TN33 0,10.0
SW6 4UQ,SW6 4,10.0
SL2 4NT,SL2 4,9.0
SS14 3LL,SS14 3,6.0
SL3 8DY,SL3 8,18.0
SE24 0AR,SE24 0,15.0
GU9 8DJ,GU9 8,11.0
SO21 2EE,SO21 2,10.0
ME8 8RU,ME8 8,14.0
BN3 3WB,BN3 3,19.0
CT7 0AJ,CT7 0,12.0
HP10 0NZ,HP10 0,9.0
CM11 2EP,CM11 2,14.0
W6 7JF,W6 7,10.0
W1D 6JS,W1D 6,3.0
HP15 6YB,HP15 6,11.0
PO8 0UG,PO8 0,10.0
NW10 1BP,NW10 1,13.0
IG1 1PE,IG1 1,12.0
PO21 3TF,PO21 3,13.0
W9 2DQ,W9 2,17.0
RH10 1PD,RH10 1,8.0
PO14 3NX,PO14 3,13.0
SW16 5PQ,SW16 5,18.0
IG8 0TW,IG8 0,11.0
EN5 2AU,EN5 2,16.0
EN5 1QF,EN5 1,9.0
SE10 0TE,SE10 0,9.0
GU19 5ET,GU19 5,9.0
CT1 2FZ,CT1 2,6.0
HP22 6ED,HP22 6,12.0
CR0 2LP,CR0 2,23.0
RH6 7JU,RH6 7,9.0
TW20 8EE,TW20 8,11.0
GU15 3HP,GU15 3,7.0
DA17 5HQ,DA17 5,17.0
BN3 7BX,BN3 7,14.0
BR5 2BB,BR5 2,17.0
DA17 6EW,DA17 6,13.0
RM13 9LR,RM13 9,14.0
GU9 9AZ,GU9 9,11.0
NW1 2AR,NW1 2,3.0
W1T 5JA,W1T 5,5.0
GU2 7ST,GU2 7,10.0
W12 9SG,W12 9,18.0
SW11 1EU,SW11 1,13.0
W2 3HJ,W2 3,12.0
CT1 1RL,CT1 1,13.0
N1 7DW,N1 7,14.0
RG31 6QA,RG31 6,15.0
GU11 3RR,GU11 3,15.0
SL1 7EH,SL1 7,12.0
SL2 5HR,SL2 5,15.0
SO51 0JJ,SO51 0,7.0
KT20 7QF,KT20 7,8.0
SS3 8YA,SS3 8,15.0
CM14 5NY,CM14 5,12.0
CR0 3TB,CR0 3,26.0
SW5 9XJ,SW5 9,13.0
OX12 9NQ,OX12 9,10.0
SS1 3RB,SS1 3,13.0
ME16 8AP,ME16 8,15.0
N7 8PF,N7 8,16.0
BN15 0BT,BN15 0,15.0
OX9 2AP,OX9 2,7.0
TW16 6SR,TW16 6,9.0
RH12 5JA,RH12 5,16.0
DA4 0DP,DA4 0,10.0
W2 5JR,W2 5,15.0
CT7 9HB,CT7 9,14.0
N19 4HJ,N19 4,16.0
GU25 4RP,GU25 4,7.0
W1S 3NQ,W1S 3,
RG8 0TY,RG8 0,7.0
IG1 4EU,IG1 4,12.0
E5 0BH,E5 0,19.0
RM8 1BA,RM8 1,15.0
RG20 0LB,RG20 0,6.0
DA12 4AJ,DA12 4,22.0
BN25 3BG,BN25 3,14.0
CR8 4EW,CR8 4,14.0
SE9 1TR,SE9 1,16.0
E9 7TS,E9 7,17.0
RG20 6NE,RG20 6,10.0
OX14 2RG,OX14 2,13.0
N1 6RX,N1 6,10.0
BN22 7LP,BN22 7,10.0
CT6 6DJ,CT6 6,14.0
RG42 3TT,RG42 3,14.0
HP15 7TG,HP15 7,11.0
HA8 6PE,HA8 6,13.0
TN40 2PX,TN40 2,15.0
TN10 3LA,TN10 3,13.0
SO16 6NB,SO16 6,15.0
RH10 5LR,RH10 5,14.0
KT18 5UA,KT18 5,11.0
CT13 0ES,CT13 0,11.0
SS7 4BN,SS7 4,17.0
TW3 4LQ,TW3 4,12.0
UB7 9NG,UB7 9,16.0
BN43 5EU,BN43 5,14.0
PO20 2HP,PO20 2,9.0
NW10 2TU,NW10 2,11.0
SW1A 1LD,SW1A 1,1.0
SS17 9JP,SS17 9,10.0
ME1 3DA,ME1 3,12.0
SE1 2EG,SE1 2,11.0
BR2 9XT,BR2 9,13.0
SS4 1AE,SS4 1,14.0
SL1 1RW,SL1 1,7.0
SW17 8LG,SW17 8,23.0
KT16 9FF,KT16 9,10.0
SW14 8DB,SW14 8,12.0
ME4 3EE,ME4 3,10.0
BN5 9UG,BN5 9,9.0
RH5 5SP,RH5 5,8.0
ME15 7RE,ME15 7,15.0
N6 5PS,N6 5,14.0
TW20 9NQ,TW20 9,9.0
RG20 8JA,RG20 8,5.0
GU32 3LJ,GU32 3,9.0
N6 5XG,N6 5,14.0
NW10 3SG,NW10 3,11.0
SE1 3SA,SE1 3,11.0
BN8 4HE,BN8 4,9.0
DA8 3BS,DA8 3,17.0
PO20 8JU,PO20 8,15.0
RG20 7HU,RG20 7,6.0
ME2 1BF,ME2 1,13.0
SL0 9RE,SL0 9,9.0
SE15 6LG,SE15 6,13.0
RG22 5RJ,RG22 5,13.0
EC1Y 2AF,EC1Y 2,4.0
ME3 7BS,ME3 7,10.0
GU10 2ZQ,GU10 2,6.0
SW5 0HE,SW5 0,12.0
W9 2EU,W9 2,17.0
RH15 0JS,RH15 0,12.0
E14 9AG,E14 9,21.0
N22 8QN,N22 8,16.0
PO21 3AT,PO21 3,13.0
BN41 2TL,BN41 2,20.0
PO19 8RU,PO19 8,10.0
CT2 7AB,CT2 7,9.0
EC2N 2HA,EC2N 2,
SL2 1PB,SL2 1,17.0
SE21 7LS,SE21 7,9.0
SW16 5AJ,SW16 5,18.0
BR3 4PW,BR3 4,16.0
NW9 7BN,NW9 7,10.0
NW3 1JS,NW3 1,8.0
ME7 1PP,ME7 1,14.0
UB4 9DZ,UB4 9,14.0
TW3 4DL,TW3 4,12.0
TW18 2SG,TW18 2,12.0
BR1 3QA,BR1 3,16.0
TW14 9BU,TW14 9,16.0
HA1 1FE,HA1 1,8.0
OX10 8FF,OX10 8,6.0
HP19 8NH,HP19 8,5.0
RG10 0HJ,RG10 0,7.0
DA2 7HL,DA2 7,16.0
ME15 9NT,ME15 9,12.0
RG4 9NX,RG4 9,9.0
SE14 5JH,SE14 5,17.0
BN6 8LD,BN6 8,12.0
KT22 8ER,KT22 8,7.0
RG22 6TP,RG22 6,15.0
W1K 1QY,W1K 1,3.0
CM14 4UH,CM14 4,13.0
SW17 0TZ,SW17 0,16.0
GU11 3SL,GU11 3,15.0
MK17 9AF,MK17 9,7.0
W1W 5PF,W1W 5,6.0
RG6 4BE,RG6 4,15.0
TN23 5PD,TN23 5,19.0
HA8 7DX,HA8 7,6.0
RH10 4PH,RH10 4,7.0
CR4 3NQ,CR4 3,19.0
SW18 1HF,SW18 1,14.0
N1 7WT,N1 7,14.0
ME14 5QT,ME14 5,11.0
CR0 4QY,CR0 4,20.0
SW2 4QH,SW2 4,15.0
GU4 7LU,GU4 7,12.0
RG9 5AL,RG9 5,6.0
OX14 5EL,OX14 5,14.0
E1 3HY,E1 3,12.0
TN29 0LH,TN29 0,11.0
SO32 1JW,SO32 1,10.0
PO16 8HA,PO16 8,14.0
SW2 5BB,SW2 5,15.0
RG2 9PH,RG2 9,9.0
W9 2QB,W9 2,17.0
ME13 9AP,ME13 9,7.0
W1J 6QX,W1J 6,1.0
SO43 7GA,SO43 7,12.0
KT16 8BT,KT16 8,11.0
RH15 8YZ,RH15 8,14.0
TN18 5PS,TN18 5,6.0
NW10 2UF,NW10 2,11.0
NW6 1JQ,NW6 1,14.0
PO22 9RJ,PO22 9,12.0
EC3A 7BX,EC3A 7,
SO22 6RP,SO22 6,13.0
HA8 7AX,HA8 7,6.0
BR5 2BY,BR5 2,17.0
HP12 4EP,HP12 4,12.0
GU15 3BP,GU15 3,7.0
SS6 7EA,SS6 7,9.0
N19 4QU,N19 4,16.0
TN4 8ET,TN4 8,11.0
GU14 7NT,GU14 7,8.0
DA3 7ND,DA3 7,15.0
RG9 3JS,RG9 3,4.0
GU11 3JF,GU11 3,15.0
GU34 2QQ,GU34 2,12.0
ME3 8TN,ME3 8,10.0
NW4 1QH,NW4 1,9.0
SO50 8NX,SO50 8,17.0
GU12 6NZ,GU12 6,13.0
EN5 2RA,EN5 2,16.0
BH25 5NT,BH25 5,14.0
EN5 2UR,EN5 2,16.0
RH7 6NB,RH7 6,13.0
ME4 4HB,ME4 4,5.0
HP21 7RW,HP21 7,11.0
WC2H 7JX,WC2H 7,1.0
SW18 1GG,SW18 1,14.0
NW2 5EH,NW2 5,14.0
SS16 4DT,SS16 4,17.0
SS8 9AU,SS8 9,17.0
RM12 4NT,RM12 4,18.0
RH12 3EF,RH12 3,10.0
BH24 4BZ,BH24 4,8.0
SW18 4DQ,SW18 4,13.0
CR3 6HB,CR3 6,12.0
DA16 1LS,DA16 1,19.0
DA11 8EA,DA11 8,15.0
ME7 5PR,ME7 5,14.0
PO1 5DS,PO1 5,18.0
UB10 8JT,UB10 8,14.0
OX14 3LG,OX14 3,9.0
CT14 6NF,CT14 6,10.0
SW3 2AD,SW3 2,10.0
PO37 7JA,PO37 7,14.0
PO32 6RT,PO32 6,14.0
E18 1QL,E18 1,12.0
GU7 2AD,GU7 2,9.0
RH19 1BT,RH19 1,8.0
TN8 5DN,TN8 5,8.0
W3 6EX,W3 6,14.0
RG42 3EW,RG42 3,14.0
RG21 7QH,RG21 7,7.0
ME3 9JJ,ME3 9,13.0
SS3 9EB,SS3 9,17.0
BN1 4ZB,BN1 4,11.0
BN3 5NW,BN3 5,17.0
RG10 0AB,RG10 0,7.0
SO32 2QP,SO32 2,11.0
CR0 6PX,CR0 6,31.0
GU2 4EX,GU2 4,10.0
PO17 5AW,PO17 5,9.0
GU4 8PS,GU4 8,9.0
KT13 9ZD,KT13 9,9.0
GU8 5AN,GU8 5,10.0
HA5 2EJ,HA5 2,13.0
GU14 9AE,GU14 9,16.0
NW10 3PL,NW10 3,11.0
SS9 3PE,SS9 3,16.0
BN3 8BJ,BN3 8,18.0
NW9 6FL,NW9 6,9.0
RG9 2DL,RG9 2,6.0
SW19 5PE,SW19 5,7.0
BN1 6PL,BN1 6,19.0
GU4 7SU,GU4 7,12.0
SS5 6NA,SS5 6,15.0
GU5 0HY,GU5 0,9.0
W2 4RA,W2 4,13.0
BR5 3TU,BR5 3,12.0
UB3 4BN,UB3 4,12.0
W1T 5NA,W1T 5,5.0
GU27 2BL,GU27 2,9.0
CR0 2PH,CR0 2,23.0
CT9 1EJ,CT9 1,11.0
SO40 7GS,SO40 7,14.0
W5 3WG,W5 3,12.0
ME7 4EE,ME7 4,17.0
PO2 9PL,PO2 9,14.0
BN43 5PZ,BN43 5,14.0
TW3 1XY,TW3 1,9.0
RM12 6SW,RM12 6,14.0
E6 1EW,E6 1,19.0
WC1V 7JU,WC1V 7,1.0
RH20 2DS,RH20 2,10.0
GU16 6LX,GU16 6,12.0
BN44 3JY,BN44 3,13.0
BN6 8AS,BN6 8,12.0
SS17 0LR,SS17 0,13.0
BN2 1EJ,BN2 1,17.0
HA3 8DD,HA3 8,10.0
SW16 4QX,SW16 4,14.0
SO32 1UP,SO32 1,10.0
CT15 4JH,CT15 4,9.0
SW1A 2PA,SW1A 2,
KT22 9QF,KT22 9,11.0
W13 9DQ,W13 9,16.0
CT19 6QP,CT19 6,18.0
GU10 3AZ,GU10 3,8.0
ME2 2UN,ME2 2,16.0
W12 8PN,W12 8,13.0
E8 1WN,E8 1,15.0
SL2 4QS,SL2 4,9.0
IG6 2TF,IG6 2,15.0
KT21 1QF,KT21 1,11.0
E17 4DP,E17 4,17.0
RH10 6RL,RH10 6,12.0
BR2 0TN,BR2 0,16.0
SW15 2YR,SW15 2,13.0
SO22 6HZ,SO22 6,13.0
SE10 9LU,SE10 9,11.0
OX49 5QF,OX49 5,6.0
SS4 1DY,SS4 1,14.0
SW18 1PH,SW18 1,14.0
UB9 5BJ,UB9 5,10.0
CT11 8DG,CT11 8,13.0
HA1 4JD,HA1 4,13.0
KT5 9PB,KT5 9,17.0
W1H 1QE,W1H 1,3.0
TW4 5JG,TW4 5,15.0
PO19 7TG,PO19 7,14.0
OX11 9JB,OX11 9,9.0
GU9 9JR,GU9 9,11.0
CR0 2RG,CR0 2,23.0
SW4 8JP,SW4 8,13.0
E4 8QJ,E4 8,17.0
W1W 6DS,W1W 6,5.0
SP10 3JG,SP10 3,15.0
RH1 6WU,RH1 6,13.0
ME20 7QQ,ME20 7,9.0
GU19 5NR,GU19 5,9.0
SE26 6DB,SE26 6,14.0
BH24 1GY,BH24 1,12.0
PO14 2AS,PO14 2,13.0
SM3 9NU,SM3 9,18.0
SE15 4AX,SE15 4,13.0
BN12 4QL,BN12 4,11.0
DA1 3PL,DA1 3,22.0
EC1M 4AS,EC1M 4,
KT5 9QP,KT5 9,17.0
N16 5DY,N16 5,16.0
CR0 2XT,CR0 2,23.0
NW11 8SQ,NW11 8,10.0
CT10 3JD,CT10 3,13.0
NW9 9DX,NW9 9,12.0
TN38 0LH,TN38 0,18.0
GU1 3QY,GU1 3,7.0
RM5 2NB,RM5 2,16.0
SW5 9SF,SW5 9,13.0
PO30 2HE,PO30 2,10.0
UB6 9JJ,UB6 9,15.0
RM3 8AS,RM3 8,13.0
CT19 5PW,CT19 5,13.0
SL6 2YY,SL6 2,12.0
OX39 4PA,OX39 4,9.0
HP12 3LP,HP12 3,12.0
CR6 9DQ,CR6 9,13.0
N10 1ED,N10 1,14.0
TW20 0LT,TW20 0,10.0
SW1P 1AL,SW1P 1,4.0
SW11 2NE,SW11 2,18.0
SE8 3PJ,SE8 3,15.0
TN27 9PD,TN27 9,7.0
W4 2RG,W4 2,12.0
SW10 9YS,SW10 9,14.0
E18 2HF,E18 2,17.0
ME4 5SX,ME4 5,19.0
SO42 7YU,SO42 7,11.0
N10 2HB,N10 2,13.0
UB6 9PF,UB6 9,15.0
BN13 1DF,BN13 1,13.0
EC1M 5RR,EC1M 5,4.0
RG2 7NQ,RG2 7,15.0
ME15 7BX,ME15 7,15.0
UB8 2LH,UB8 2,12.0
KT17 1SU,KT17 1,7.0
RG1 7SR,RG1 7,10.0
DA15 7DU,DA15 7,10.0
SW14 7JL,SW14 7,12.0
GU2 8BP,GU2 8,16.0
GU32 2JG,GU32 2,11.0
HA6 1RD,HA6 1,13.0
NW5 2LL,NW5 2,13.0
CR8 2JS,CR8 2,13.0
BN27 4TS,BN27 4,6.0
W3 6QX,W3 6,14.0
E10 6JG,E10 6,17.0
E13 0PR,E13 0,21.0
BN1 8WL,BN1 8,18.0
KT22 9JQ,KT22 9,11.0
ME16 0TD,ME16 0,15.0
WC1H 8LJ,WC1H 8,8.0
RH19 4ND,RH19 4,9.0
UB6 9BQ,UB6 9,15.0
CR5 2HQ,CR5 2,11.0
RG14 6DN,RG14 6,13.0
GU15 2NE,GU15 2,10.0
HP21 8BW,HP21 8,14.0
PO21 4BP,PO21 4,12.0
CT5 3PW,CT5 3,9.0
CT3 1BQ,CT3 1,7.0
CR0 7YA,CR0 7,21.0
BR3 1ET,BR3 1,13.0
BR6 6BJ,BR6 6,12.0
RH5 5FU,RH5 5,8.0
DA10 0BA,DA10 0,17.0
DA11 8HZ,DA11 8,15.0
SO21 3RX,SO21 3,8.0
KT11 2JH,KT11 2,11.0
BN21 1NG,BN21 1,12.0
GU1 2LP,GU1 2,10.0
GU8 5JS,GU8 5,10.0
CR0 8HH,CR0 8,18.0
N8 8DL,N8 8,12.0
CM13 1JR,CM13 1,11.0
SW16 3HD,SW16 3,13.0
BN1 8YD,BN1 8,18.0
RH11 8HD,RH11 8,16.0
W1U 4HY,W1U 4,4.0
RG42 4NW,RG42 4,7.0
SE18 3LP,SE18 3,15.0
RG1 5LZ,RG1 5,11.0
GU10 4TS,GU10 4,9.0
HA7 4LS,HA7 4,9.0
SW9 0PA,SW9 0,16.0
KT15 3JP,KT15 3,13.0
TN40 1TG,TN40 1,14.0
RM11 3SG,RM11 3,15.0
RM18 8EB,RM18 8,16.0
SS14 3JZ,SS14 3,6.0
RG8 7BG,RG8 7,6.0
PO2 8BX,PO2 8,14.0
RG9 5QH,RG9 5,6.0
TN9 1LY,TN9 1,8.0
TN22 2DR,TN22 2,12.0
TW20 0RJ,TW20 0,10.0
HP5 2DA,HP5 2,12.0
TN37 6JL,TN37 6,19.0
SS12 9QX,SS12 9,16.0
SO22 5QF,SO22 5,9.0
NW1 8PA,NW1 8,10.0
W4 5RA,W4 5,11.0
TW10 7UQ,TW10 7,11.0
UB2 5PD,UB2 5,15.0
N5 2QJ,N5 2,16.0
RG5 4DH,RG5 4,14.0
PO31 7XF,PO31 7,13.0
PO14 1QB,PO14 1,11.0
W4 1JE,W4 1,10.0
RH20 3JT,RH20 3,9.0
SW1H 0BT,SW1H 0,1.0
WC1H 8ND,WC1H 8,8.0
E14 9LJ,E14 9,21.0
GU7 2HG,GU7 2,9.0
TW9 2AA,TW9 2,9.0
SW15 2DY,SW15 2,13.0
TW17 8HJ,TW17 8,11.0
UB9 6NU,UB9 6,11.0
RM2 6DJ,RM2 6,15.0
E12 5PN,E12 5,19.0
SO40 2PQ,SO40 2,17.0
TN33 0QA,TN33 0,10.0
TN25 4QQ,TN25 4,9.0
TW17 9NL,TW17 9,8.0
SW3 3QP,SW3 3,12.0
NW1 3EF,NW1 3,9.0
RH2 7RP,RH2 7,11.0
KT4 8JL,KT4 8,20.0
SO15 3AQ,SO15 3,12.0
GU17 9HR,GU17 9,8.0
RG19 4RH,RG19 4,13.0
ME7 1XL,ME7 1,14.0
RM16 2LA,RM16 2,19.0
SO23 8BW,SO23 8,4.0
TN24 9RR,TN24 9,16.0
E1 8HY,E1 8,6.0
GU24 9JS,GU24 9,10.0
NW2 1SP,NW2 1,11.0
W10 5PQ,W10 5,14.0
NW1 7TA,NW1 7,9.0
SE20 7LP,SE20 7,15.0
SM6 7LP,SM6 7,12.0
SE15 3PD,SE15 3,18.0
CT9 3NW,CT9 3,15.0
BN6 9PW,BN6 9,9.0
TN8 6QX,TN8 6,7.0
KT8 1QB,KT8 1,18.0
GU4 8HH,GU4 8,9.0
SW8 2SB,SW8 2,14.0
SW7 2HL,SW7 2,4.0
PO4 9ST,PO4 9,20.0
SW4 0HW,SW4 0,11.0
SW1Y 5JQ,SW1Y 5,
SS1 2XT,SS1 2,18.0
HA9 7NQ,HA9 7,9.0
BN43 5GQ,BN43 5,14.0
EC4M 7BA,EC4M 7,
OX33 1LA,OX33 1,9.0
KT13 9AY,KT13 9,9.0
BN17 5AW,BN17 5,13.0
KT9 1NJ,KT9 1,12.0
TN26 3RA,TN26 3,8.0
ME5 8UD,ME5 8,17.0
RG2 7PD,RG2 7,15.0
UB2 4QA,UB2 4,11.0
SL3 7HU,SL3 7,14.0
SO40 2PJ,SO40 2,17.0
SL1 5JR,SL1 5,17.0
NW9 7PE,NW9 7,10.0
PO1 1JG,PO1 1,9.0
SE8 4PW,SE8 4,13.0
CM4 0QY,CM4 0,7.0
KT12 3FE,KT12 3,12.0
OX33 1EA,OX33 1,9.0
CT14 0BH,CT14 0,7.0
SS15 6GF,SS15 6,13.0
PO8 0AR,PO8 0,10.0
DA18 4WL,DA18 4,20.0
RH13 9EB,RH13 9,13.0
RM14 2LH,RM14 2,12.0
RH16 4EP,RH16 4,10.0
RG41 1EN,RG41 1,8.0
SP11 6WG,SP11 6,5.0
SO17 3AE,SO17 3,17.0
CT11 8LA,CT11 8,13.0
GU9 7SD,GU9 7,7.0
W2 4SJ,W2 4,13.0
RG20 8QU,RG20 8,5.0
BH23 8AG,BH23 8,12.0
SS7 5XG,SS7 5,15.0
SW10 9RF,SW10 9,14.0
SL6 6SX,SL6 6,11.0
W12 7DB,W12 7,13.0
GU14 6JQ,GU14 6,11.0
PO1 3QL,PO1 3,10.0
GU11 3AH,GU11 3,15.0
BN17 5BB,BN17 5,13.0
GU25 4JE,GU25 4,7.0
SO22 6HU,SO22 6,13.0
RG5 3PD,RG5 3,16.0
PO8 8BB,PO8 8,14.0
GU33 7SB,GU33 7,10.0
GU34 3PH,GU34 3,5.0
EN4 9UZ,EN4 9,11.0
RG9 1DD,RG9 1,11.0
SW19 6WW,SW19 6,16.0
CT11 7EG,CT11 7,15.0
DA13 9PL,DA13 9,11.0
SO53 1LJ,SO53 1,12.0
TN21 0AY,TN21 0,7.0
RG26 4YD,RG26 4,13.0
RH7 6LQ,RH7 6,13.0
SW2 1NG,SW2 1,11.0
RM3 9UA,RM3 9,15.0
RM10 7EH,RM10 7,16.0
HA5 3TY,HA5 3,11.0
CM12 0BH,CM12 0,14.0
SW7 2DB,SW7 2,4.0
SL2 3XL,SL2 3,8.0
ME8 9HT,ME8 9,17.0
SL7 1LF,SL7 1,8.0
SE17 3TR,SE17 3,15.0
PO16 7HY,PO16 7,10.0
BN15 9SW,BN15 9,16.0
HA5 4RS,HA5 4,10.0
TN34 3TB,TN34 3,17.0
GU34 2AT,GU34 2,12.0
ME12 3QS,ME12 3,14.0
TW14 9BY,TW14 9,16.0
SE18 7RU,SE18 7,19.0
SN7 7BS,SN7 7,10.0
BN1 8XP,BN1 8,18.0
SE5 8TW,SE5 8,17.0
N8 0DJ,N8 0,16.0
KT10 9PE,KT10 9,6.0
KT15 3SS,KT15 3,13.0
SO40 7GE,SO40 7,14.0
PO1 5RN,PO1 5,18.0
HP20 1BT,HP20 1,9.0
TN40 1AA,TN40 1,14.0
E7 9LQ,E7 9,17.0
GU33 6BE,GU33 6,5.0
HP27 0QD,HP27 0,10.0
SE15 2JH,SE15 2,16.0
ME3 9SG,ME3 9,13.0
BN3 1JY,BN3 1,17.0
N11 1NU,N11 1,11.0
W4 1AX,W4 1,10.0
GU51 1AP,GU51 1,12.0
NN13 5JQ,NN13 5,6.0
SM7 1NL,SM7 1,12.0
HP11 2UL,HP11 2,6.0
OX2 9DP,OX2 9,11.0
RG27 8JQ,RG27 8,7.0
W1B 1NB,W1B 1,3.0
PO10 7GE,PO10 7,12.0
ME10 2UR,ME10 2,17.0
DA3 8HF,DA3 8,15.0
OX2 9JJ,OX2 9,11.0
OX11 0NE,OX11 0,7.0
E8 2XR,E8 2,17.0
KT23 3HN,KT23 3,10.0
SS17 9LL,SS17 9,10.0
SW19 6NY,SW19 6,16.0
HP21 9LS,HP21 9,13.0
W1T 2QA,W1T 2,2.0
TN25 5ER,TN25 5,9.0
GU21 2AZ,GU21 2,13.0
CT1 1DB,CT1 1,13.0
RG7 6PH,RG7 6,6.0
W1G 7EA,W1G 7,2.0
GU2 9RT,GU2 9,16.0
DA13 9HS,DA13 9,11.0
TN22 5LW,TN22 5,9.0
W10 5AY,W10 5,14.0
CR8 4FD,CR8 4,14.0
HA5 3DR,HA5 3,11.0
SE10 0AA,SE10 0,9.0
TW2 6AQ,TW2 6,16.0
SE4 1YZ,SE4 1,20.0
RM11 2ED,RM11 2,15.0
SE16 6QE,SE16 6,14.0
CT17 9LT,CT17 9,13.0
W6 7EA,W6 7,10.0
N12 8GB,N12 8,10.0
PO21 2AH,PO21 2,13.0
SE3 7HG,SE3 7,14.0
KT6 7PG,KT6 7,13.0
SO23 0EY,SO23 0,15.0
RH16 3JT,RH16 3,12.0
IG2 6QA,IG2 6,14.0
SO15 4PG,SO15 4,12.0
SO23 8TQ,SO23 8,4.0
CR3 6NH,CR3 6,12.0
SW20 9AX,SW20 9,18.0
BN3 7LS,BN3 7,14.0
RM10 7FB,RM10 7,16.0
BR5 1NJ,BR5 1,14.0
SS8 8JW,SS8 8,17.0
ME12 3RN,ME12 3,14.0
RG7 3QJ,RG7 3,11.0
RH6 9JQ,RH6 9,13.0
NW11 7SY,NW11 7,7.0
SM3 8AH,SM3 8,13.0
NW1 3RJ,NW1 3,9.0
PO10 7XA,PO10 7,12.0
BR5 1EE,BR5 1,14.0
E10 6PY,E10 6,17.0
PO10 7LJ,PO10 7,12.0
E5 8RN,E5 8,19.0
HA6 1JF,HA6 1,13.0
SN7 8QX,SN7 8,6.0
SE5 7DW,SE5 7,12.0
SM6 0HS,SM6 0,10.0
CT11 9PR,CT11 9,10.0
GU8 4LG,GU8 4,7.0
RH19 3NY,RH19 3,12.0
RM8 1PJ,RM8 1,15.0
SO30 2RE,SO30 2,15.0
IG2 7AG,IG2 7,16.0
TW2 6NQ,TW2 6,16.0
TN12 9AH,TN12 9,6.0
SW6 7NB,SW6 7,13.0
SL9 8HS,SL9 8,5.0
WC1B 3PB,WC1B 3,2.0
TN16 3QJ,TN16 3,13.0
KT10 0DA,KT10 0,12.0
RM5 2JD,RM5 2,16.0
SE1 8LT,SE1 8,6.0
W1S 4SB,W1S 4,
DA9 9DW,DA9 9,16.0
GU8 4LA,GU8 4,7.0
UB7 9GA,UB7 9,16.0
W10 6SL,W10 6,14.0
RM3 9BS,RM3 9,15.0
ME12 2JJ,ME12 2,19.0
SS7 2PW,SS7 2,16.0
KT3 4AY,KT3 4,6.0
BN16 2RZ,BN16 2,13.0
SS5 5NQ,SS5 5,13.0
PO22 6HL,PO22 6,12.0
SO22 5PD,SO22 5,9.0
RH19 2PS,RH19 2,8.0
SL3 7FE,SL3 7,14.0
CT4 5BS,CT4 5,7.0
TN38 9NE,TN38 9,14.0
SS2 5AB,SS2 5,13.0
PO7 6AZ,PO7 6,13.0
ME20 7PT,ME20 7,9.0
GU8 6BN,GU8 6,8.0
IG8 9AQ,IG8 9,14.0
SO16 5NJ,SO16 5,16.0
SE10 0GN,SE10 0,9.0
RM20 3FB,RM20 3,6.0
SW20 0EQ,SW20 0,11.0
PO5 2LU,PO5 2,14.0
SW17 8DN,SW17 8,23.0
ME16 0JE,ME16 0,15.0
RG40 3PL,RG40 3,6.0
RG9 1HR,RG9 1,11.0
SW6 4QH,SW6 4,10.0
ME12 1EJ,ME12 1,10.0
SE25 6UQ,SE25 6,16.0
W4 2BL,W4 2,12.0
SW6 6TB,SW6 6,15.0
CR0 9JY,CR0 9,28.0
BN23 7DA,BN23 7,13.0
W8 7RD,W8 7,10.0
GU21 3LY,GU21 3,19.0
TN12 9TF,TN12 9,6.0
W1H 7DF,W1H 7,4.0
BH24 1XX,BH24 1,12.0
GU51 2TF,GU51 2,9.0
SO31 8HJ,SO31 8,12.0
NW7 1JS,NW7 1,8.0
HP14 3WQ,HP14 3,10.0
BN21 1NN,BN21 1,12.0
PO9 1XD,PO9 1,9.0
RH13 6JD,RH13 6,11.0
PO9 2UQ,PO9 2,13.0
SW10 9JH,SW10 9,14.0
RG7 6SR,RG7 6,6.0
BH24 1BY,BH24 1,12.0
CT6 7NZ,CT6 7,15.0
KT10 9BE,KT10 9,6.0
HP21 8YQ,HP21 8,14.0
RG14 2PW,RG14 2,11.0
N1 9TY,N1 9,8.0
CT2 8FE,CT2 8,14.0
BH25 7AJ,BH25 7,12.0
SS0 7AQ,SS0 7,17.0
KT1 1JD,KT1 1,2.0
RG26 5SP,RG26 5,10.0
ME10 1JT,ME10 1,17.0
GU24 8TU,GU24 8,7.0
EN4 8HU,EN4 8,14.0
NW2 2DT,NW2 2,11.0
E9 6HQ,E9 6,17.0
TN21 0TY,TN21 0,7.0
TN22 2AH,TN22 2,12.0
BR5 1LF,BR5 1,14.0
BR3 4HS,BR3 4,16.0
TW4 7RZ,TW4 7,13.0
SE24 9HE,SE24 9,15.0
NW3 7BA,NW3 7,7.0
N19 5BL,N19 5,14.0
KT6 6PX,KT6 6,12.0
CM14 4UP,CM14 4,13.0
SO22 6SG,SO22 6,13.0
TN33 0ND,TN33 0,10.0
N12 8EH,N12 8,10.0
GU35 9JR,GU35 9,10.0
E3 4HD,E3 4,15.0
SW16 4AB,SW16 4,14.0
SE16 7AR,SE16 7,11.0
NW2 7LH,NW2 7,10.0
BH25 5HX,BH25 5,14.0
ME14 1LL,ME14 1,4.0
PO22 0DX,PO22 0,11.0
ME6 5SL,ME6 5,15.0
SE4 2AD,SE4 2,14.0
TN22 5LG,TN22 5,9.0
UB3 1TA,UB3 1,9.0
RH4 3EL,RH4 3,9.0
BN17 7FQ,BN17 7,11.0
NW3 7TR,NW3 7,7.0
SL2 3XD,SL2 3,8.0
PO36 0HR,PO36 0,11.0
RH2 0QX,RH2 0,10.0
W1K 2RG,W1K 2,2.0
SW1Y 6AA,SW1Y 6,1.0
UB1 3HT,UB1 3,12.0
HA6 2UW,HA6 2,9.0
RH11 0AQ,RH11 0,12.0
NW1 0ET,NW1 0,8.0
TN33 0BP,TN33 0,10.0
DA15 7NQ,DA15 7,10.0
SO40 4XP,SO40 4,15.0
BN11 2QS,BN11 2,16.0
E9 5JJ,E9 5,15.0
W1W 7DN,W1W 7,2.0
SL9 8ST,SL9 8,5.0
HA3 9TJ,HA3 9,15.0
SW1W 0EX,SW1W 0,2.0
SE1 6TX,SE1 6,9.0
RH3 7BS,RH3 7,10.0
PO6 2SH,PO6 2,16.0
TN37 6HZ,TN37 6,19.0
NW2 2HH,NW2 2,11.0
TN29 0SG,TN29 0,11.0
DA9 9HL,DA9 9,16.0
RH6 9NL,RH6 9,13.0
SL1 5JZ,SL1 5,17.0
TW10 5HT,TW10 5,10.0
ME20 7XG,ME20 7,9.0
HA4 0AG,HA4 0,10.0
CR0 4LD,CR0 4,20.0
SE16 3NT,SE16 3,14.0
W1H 5HG,W1H 5,4.0
NW8 8YD,NW8 8,13.0
RG31 6PZ,RG31 6,15.0
NW10 0BD,NW10 0,12.0
IG11 9XB,IG11 9,21.0
TW7 7QS,TW7 7,14.0
UB5 4NG,UB5 4,17.0
CT5 1PJ,CT5 1,12.0
SW17 7DH,SW17 7,15.0
GU22 9HL,GU22 9,12.0
E9 6RF,E9 6,17.0
IG1 2HL,IG1 2,16.0
SP10 5HP,SP10 5,10.0
E6 2JG,E6 2,18.0
SS6 7NL,SS6 7,9.0
SE13 5LW,SE13 5,17.0
RH8 0RJ,RH8 0,12.0
SW6 6TG,SW6 6,15.0
SO23 0AD,SO23 0,15.0
RG4 8TL,RG4 8,13.0
PO21 1DX,PO21 1,9.0
SM5 2EQ,SM5 2,16.0
RG4 9EL,RG4 9,9.0
PO12 4NZ,PO12 4,22.0
RG10 8AL,RG10 8,7.0
PO41 0SZ,PO41 0,7.0
TW12 2RF,TW12 2,11.0
RH4 1BS,RH4 1,7.0
BN2 3AD,BN2 3,17.0
CR0 8XP,CR0 8,18.0
RH18 5BF,RH18 5,8.0
ME7 4JS,ME7 4,17.0
RH20 3JS,RH20 3,9.0
HP23 6JX,HP23 6,7.0
SW8 4TN,SW8 4,14.0
CT10 1HN,CT10 1,11.0
IG11 0LX,IG11 0,10.0
RH11 7SB,RH11 7,14.0
RH19 4PE,RH19 4,9.0
RG21 8XX,RG21 8,13.0
E9 5DB,E9 5,15.0
SW11 4LR,SW11 4,13.0
E6 6GS,E6 6,19.0
RH19 4JY,RH19 4,9.0
SM5 3EH,SM5 3,13.0
GU34 2LD,GU34 2,12.0
RM6 5SL,RM6 5,22.0
E4 8SQ,E4 8,17.0
HA3 8EN,HA3 8,10.0
N20 0JS,N20 0,12.0
CR0 6QQ,CR0 6,31.0
W1K 4QS,W1K 4,1.0
SM2 5LP,SM2 5,17.0
NW2 5HJ,NW2 5,14.0
SO19 2QL,SO19 2,18.0
IG6 1HQ,IG6 1,13.0
TN40 2NF,TN40 2,15.0
KT14 6AQ,KT14 6,9.0
RM16 6NP,RM16 6,24.0
CM13 1EE,CM13 1,11.0
SM7 2AH,SM7 2,12.0
BN22 7NG,BN22 7,10.0
SE5 9RQ,SE5 9,17.0
RM7 0BH,RM7 0,14.0
PO15 7NB,PO15 7,9.0
MK18 1ES,MK18 1,10.0
WC2H 7LA,WC2H 7,1.0
RG8 0WH,RG8 0,7.0
GU24 0DQ,GU24 0,8.0
SO31 8ED,SO31 8,12.0
SE9 4UD,SE9 4,18.0
E10 5GU,E10 5,15.0
PO5 2FE,PO5 2,14.0
GU35 0LL,GU35 0,12.0
RG24 8UQ,RG24 8,12.0
PO8 0RN,PO8 0,10.0
HP7 0BA,HP7 0,7.0
SE15 4RE,SE15 4,13.0
SE23 3HQ,SE23 3,14.0
RH6 9BS,RH6 9,13.0
RM8 3BD,RM8 3,24.0
TW16 6JE,TW16 6,9.0
SE17 1AZ,SE17 1,9.0
RG2 8LB,RG2 8,17.0
CR0 7JS,CR0 7,21.0
E11 1ES,E11 1,14.0
W1H 2HP,W1H 2,7.0
W12 0RU,W12 0,17.0
GU14 9PQ,GU14 9,16.0
SE18 4DP,SE18 4,13.0
TN39 4NN,TN39 4,14.0
GU15 3SN,GU15 3,7.0
HP21 7LT,HP21 7,11.0
WC2N 4BF,WC2N 4,1.0
BN2 8QE,BN2 8,16.0
RG4 7XD,RG4 7,10.0
SL2 5HB,SL2 5,15.0
ME9 0AX,ME9 0,6.0
SS4 1GR,SS4 1,14.0
NW4 2EJ,NW4 2,10.0
CT6 6UG,CT6 6,14.0
TN6 2FW,TN6 2,11.0
HA7 4JL,HA7 4,9.0
RG31 7YU,RG31 7,13.0
SW3 1HP,SW3 1,4.0
RM8 2SS,RM8 2,20.0
SM4 4SP,SM4 4,22.0
NW3 1JH,NW3 1,8.0
RG7 1SF,RG7 1,7.0
GU25 4EB,GU25 4,7.0
SW1W 9HS,SW1W 9,5.0
N7 9LF,N7 9,13.0
TN26 3DN,TN26 3,8.0
GU2 9PZ,GU2 9,16.0
TN12 7PD,TN12 7,6.0
SS7 1BT,SS7 1,13.0
SO14 0NS,SO14 0,8.0
RG9 4JB,RG9 4,3.0
WC1X 8YJ,WC1X 8,1.0
TN23 5LN,TN23 5,19.0
RG31 6QZ,RG31 6,15.0
TN18 5QA,TN18 5,6.0
N2 0BH,N2 0,11.0
PO20 8FF,PO20 8,15.0
RM15 6RD,RM15 6,16.0
SL7 2DX,SL7 2,7.0
E18 1NP,E18 1,12.0
SO53 3AP,SO53 3,10.0
PO5 2AA,PO5 2,14.0
BN8 4LW,BN8 4,9.0
SE13 7LF,SE13 7,19.0
CR7 7EA,CR7 7,19.0
HA3 0TJ,HA3 0,11.0
BN2 5GW,BN2 5,16.0
CT3 1XX,CT3 1,7.0
SO14 6WZ,SO14 6,14.0
SM2 5EF,SM2 5,17.0
CT20 3ZB,CT20 3,10.0
SO41 0SL,SO41 0,14.0
N16 8DS,N16 8,15.0
UB8 3DR,UB8 3,17.0
KT13 8SY,KT13 8,9.0
E1W 3EU,E1W 3,13.0
GU21 2NF,GU21 2,13.0
BN24 6JF,BN24 6,11.0
DA8 3QA,DA8 3,17.0
ME1 1SA,ME1 1,8.0
N16 5SL,N16 5,16.0
OX3 9SW,OX3 9,11.0
NW8 6DA,NW8 6,10.0
CR6 9SJ,CR6 9,13.0
PO14 1RW,PO14 1,11.0
HA2 0JW,HA2 0,11.0
IG8 9EB,IG8 9,14.0
HA9 9PB,HA9 9,11.0
TN14 5JP,TN14 5,9.0
RG1 8DY,RG1 8,5.0
GU30 7SZ,GU30 7,10.0
CR5 3JJ,CR5 3,10.0
WC2R 1AL,WC2R 1,
OX49 5SB,OX49 5,6.0
E16 4AB,E16 4,15.0
GU26 6FH,GU26 6,9.0
CT18 8DA,CT18 8,8.0
HA0 4UD,HA0 4,11.0
HP16 0EY,HP16 0,9.0
W1S 4AH,W1S 4,
E13 8AQ,E13 8,17.0
SL6 2RW,SL6 2,12.0
TW16 6AT,TW16 6,9.0
RG2 0NH,RG2 0,7.0
RG41 2TT,RG41 2,9.0
TW4 7ER,TW4 7,13.0
PO8 0HW,PO8 0,10.0
RM11 1EG,RM11 1,15.0
N2 9HT,N2 9,12.0
SO31 4HE,SO31 4,12.0
TN40 1TX,TN40 1,14.0
SW13 0LX,SW13 0,12.0
CR4 4DW,CR4 4,13.0
SW4 7AH,SW4 7,12.0
SM2 7AY,SM2 7,11.0
SP5 1NB,SP5 1,8.0
GU22 0HX,GU22 0,10.0
E14 7JU,E14 7,14.0
GU21 8TF,GU21 8,18.0
SE5 0RN,SE5 0,13.0
SS3 9ER,SS3 9,17.0
SS15 4EX,SS15 4,18.0
BN23 5TR,BN23 5,23.0
GU14 6QN,GU14 6,11.0
NW9 6EX,NW9 6,9.0
HP7 9NF,HP7 9,10.0
SL6 5BJ,SL6 5,12.0
ME19 6JL,ME19 6,11.0
SE5 8RW,SE5 8,17.0
RH11 0HL,RH11 0,12.0
KT19 9AF,KT19 9,17.0
BN14 9QZ,BN14 9,12.0
TN17 1EJ,TN17 1,7.0
TN8 5HA,TN8 5,8.0
E3 2JY,E3 2,16.0
BN22 9DE,BN22 9,15.0
TW3 3FX,TW3 3,12.0
NW3 2HR,NW3 2,16.0
W1K 2SZ,W1K 2,2.0
GU8 5SR,GU8 5,10.0
TN7 4DY,TN7 4,7.0
PO32 6AY,PO32 6,14.0
SW20 0BP,SW20 0,11.0
RG12 9SU,RG12 9,13.0
SS2 6EU,SS2 6,14.0
PO30 1AQ,PO30 1,10.0
N7 6AQ,N7 6,12.0
CT9 3UJ,CT9 3,15.0
IG3 8TD,IG3 8,15.0
ME15 9AR,ME15 9,12.0
N4 1AQ,N4 1,14.0
SL9 8AD,SL9 8,5.0
W3 9QU,W3 9,12.0
GU32 2ED,GU32 2,11.0
ME5 0SD,ME5 0,18.0
RH10 1FZ,RH10 1,8.0
CT1 1YY,CT1 1,13.0
BN43 5NR,BN43 5,14.0
CT2 7QG,CT2 7,9.0
SL2 1EF,SL2 1,17.0
E8 3XW,E8 3,14.0
IG3 9LN,IG3 9,16.0
NW3 4NA,NW3 4,13.0
ME7 4DD,ME7 4,17.0
N7 0BH,N7 0,20.0
DA2 7EE,DA2 7,16.0
W5 2SJ,W5 2,12.0
SO53 2UA,SO53 2,13.0
RH10 1NF,RH10 1,8.0
SW4 6JG,SW4 6,15.0
BR7 6BJ,BR7 6,13.0
W5 4HD,W5 4,17.0
SO50 6FP,SO50 6,12.0
GU34 3BB,GU34 3,5.0
KT16 9PS,KT16 9,10.0
SE18 3TB,SE18 3,15.0
SM5 1SW,SM5 1,22.0
GU2 9PA,GU2 9,16.0
NW3 2QR,NW3 2,16.0
SW18 4HD,SW18 4,13.0
PO2 0PN,PO2 0,20.0
GU9 8PH,GU9 8,11.0
SM4 4HX,SM4 4,22.0
OX9 3DH,OX9 3,10.0
SP10 1BG,SP10 1,7.0
GU11 1RN,GU11 1,8.0
CR0 6YE,CR0 6,31.0
SE17 2TJ,SE17 2,16.0
HA2 0LW,HA2 0,11.0
PO37 6AB,PO37 6,8.0
RH13 6PT,RH13 6,11.0
GU52 6QJ,GU52 6,15.0
SW4 6AA,SW4 6,15.0
SO51 6JW,SO51 6,10.0
SE17 2AY,SE17 2,16.0
PO15 6AB,PO15 6,13.0
UB5 6HD,UB5 6,16.0
PO34 5BU,PO34 5,12.0
SE10 9NP,SE10 9,11.0
E5 8BA,E5 8,19.0
SL6 8PJ,SL6 8,8.0
TN37 6JT,TN37 6,19.0
KT3 6BY,KT3 6,17.0
TN15 6PX,TN15 6,12.0
KT20 6BJ,KT20 6,8.0
SE19 1XB,SE19 1,13.0
HA5 3RX,HA5 3,11.0
N10 3EJ,N10 3,12.0
SM6 8SP,SM6 8,16.0
ME5 9NN,ME5 9,14.0
OX33 1RA,OX33 1,9.0
CT2 0DX,CT2 0,11.0
TW12 1BE,TW12 1,11.0
SE9 1HH,SE9 1,16.0
SE8 5QA,SE8 5,14.0
OX11 0QJ,OX11 0,7.0
W4 4JF,W4 4,9.0
BN17 7FF,BN17 7,11.0
PO12 2AR,PO12 2,14.0
SS13 3QF,SS13 3,14.0
RM16 2BU,RM16 2,19.0
SE5 7LY,SE5 7,12.0
ME13 0QQ,ME13 0,6.0
KT2 6LJ,KT2 6,11.0
PO19 3AB,PO19 3,12.0
KT10 9UF,KT10 9,6.0
KT12 3DQ,KT12 3,12.0
RG22 6EE,RG22 6,15.0
CR3 6DW,CR3 6,12.0
W1K 5AB,W1K 5,1.0
TN3 8EW,TN3 8,5.0
BN14 0ED,BN14 0,13.0
BN3 6LT,BN3 6,14.0
CR4 3DG,CR4 3,19.0
SE16 5ET,SE16 5,16.0
HP13 6GE,HP13 6,11.0
CR7 8NN,CR7 8,19.0
HP14 3DG,HP14 3,10.0
W1U 6TA,W1U 6,3.0
RG4 6DS,RG4 6,12.0
OX1 5DQ,OX1 5,12.0
N17 0LB,N17 0,13.0
RG4 8AP,RG4 8,13.0
SE4 1DJ,SE4 1,20.0
E14 3HY,E14 3,20.0
PO12 3NT,PO12 3,18.0
E16 1FJ,E16 1,14.0
RM8 3LT,RM8 3,24.0
SS13 2BA,SS13 2,13.0
GU25 4ZS,GU25 4,7.0
GU5 0NA,GU5 0,9.0
W1T 5JF,W1T 5,5.0
SW12 8PJ,SW12 8,16.0
NW3 2XE,NW3 2,16.0
EC1V 3PT,EC1V 3,11.0
RH16 3NT,RH16 3,12.0
PO14 3NA,PO14 3,13.0
W5 4UP,W5 4,17.0
SE16 7LL,SE16 7,11.0
PO21 5EX,PO21 5,13.0
SS9 3JL,SS9 3,16.0
SE18 5ND,SE18 5,16.0
SW6 7LS,SW6 7,13.0
E6 5XQ,E6 5,16.0
SS14 2QZ,SS14 2,16.0
SE8 5RY,SE8 5,14.0
HP8 4EB,HP8 4,9.0
KT18 5QX,KT18 5,11.0
CM15 9JS,CM15 9,14.0
PO17 5EG,PO17 5,9.0
CT4 8EA,CT4 8,7.0
TW1 1QR,TW1 1,12.0
W3 8NT,W3 8,12.0
SM7 3ES,SM7 3,9.0
NW2 4DG,NW2 4,12.0
BN10 8TD,BN10 8,13.0
KT20 5BS,KT20 5,12.0
SW9 6JR,SW9 6,8.0
GU7 2LJ,GU7 2,9.0
CT5 1TP,CT5 1,12.0
W1T 4PY,W1T 4,1.0
SL2 5LZ,SL2 5,15.0
GU21 3HE,GU21 3,19.0
KT21 2EP,KT21 2,11.0
CR3 5QU,CR3 5,13.0
BH24 3QG,BH24 3,7.0
SS17 0AG,SS17 0,13.0
TN21 9LR,TN21 9,6.0
GU7 1BF,GU7 1,8.0
SS8 9TA,SS8 9,17.0
SP11 7QR,SP11 7,7.0
GU51 3QY,GU51 3,11.0
BN22 0LH,BN22 0,15.0
GU11 2HF,GU11 2,6.0
WC2B 5PH,WC2B 5,3.0
KT5 8QA,KT5 8,15.0
CT4 7AA,CT4 7,9.0
TW3 1LH,TW3 1,9.0
E2 7EB,E2 7,14.0
BR3 4AG,BR3 4,16.0
EC1V 7NH,EC1V 7,8.0
BN18 0FB,BN18 0,10.0
HA5 1JB,HA5 1,11.0
KT14 7JT,KT14 7,11.0
RH10 3PP,RH10 3,12.0
CR0 4RS,CR0 4,20.0
E15 3BA,E15 3,20.0
CM11 1AP,CM11 1,11.0
EC1N 8SJ,EC1N 8,1.0
RG14 2LA,RG14 2,11.0
PO21 2PE,PO21 2,13.0
GU15 1DL,GU15 1,11.0
N8 0QD,N8 0,16.0
SS8 9EP,SS8 9,17.0
CR7 6WA,CR7 6,16.0
BN15 9BZ,BN15 9,16.0
GU14 0AA,GU14 0,12.0
TN2 5HT,TN2 5,12.0
PO32 6JH,PO32 6,14.0
BN13 3WA,BN13 3,10.0
NW2 1BP,NW2 1,11.0
TN28 8DX,TN28 8,11.0
SS6 8HD,SS6 8,16.0
TN10 4RS,TN10 4,15.0
WC1N 1PD,WC1N 1,8.0
RG10 0SW,RG10 0,7.0
NW9 4BS,NW9 4,
SW7 2AE,SW7 2,4.0
HP21 8BP,HP21 8,14.0
UB8 3AL,UB8 3,17.0
SW19 1SY,SW19 1,14.0
TW11 8PZ,TW11 8,10.0
N7 0RZ,N7 0,20.0
N5 2LU,N5 2,16.0
SO22 4ET,SO22 4,17.0
RH15 8BW,RH15 8,14.0
BR3 4JJ,BR3 4,16.0
PO2 7DU,PO2 7,19.0
BN23 6EF,BN23 6,12.0
SL6 8RG,SL6 8,8.0
HA4 6JP,HA4 6,15.0
BN14 9BH,BN14 9,12.0
DA5 3EN,DA5 3,17.0
CR4 1EB,CR4 1,18.0
SW11 5HA,SW11 5,20.0
SO16 8JS,SO16 8,22.0
RG2 7HD,RG2 7,15.0
HP14 4BA,HP14 4,10.0
HA2 8PT,HA2 8,14.0
ME17 4NS,ME17 4,10.0
SL6 9RZ,SL6 9,7.0
GU15 4HF,GU15 4,8.0
CR3 5LL,CR3 5,13.0
GU35 8BS,GU35 8,10.0
TW12 3HX,TW12 3,12.0
E1 6WL,E1 6,6.0
W1U 1AX,W1U 1,2.0
TN11 0ND,TN11 0,7.0
CR5 3PE,CR5 3,10.0
SW2 2TZ,SW2 2,16.0
PO2 0HP,PO2 0,20.0
GU1 3ZN,GU1 3,7.0
GU51 4NP,GU51 4,8.0
N1 4AJ,N1 4,15.0
SL5 0HS,SL5 0,6.0
SO23 9JT,SO23 9,7.0
BN9 9DG,BN9 9,14.0
RG21 5NQ,RG21 5,17.0
SW18 2QJ,SW18 2,14.0
CT20 1NE,CT20 1,12.0
UB6 9QL,UB6 9,15.0
E4 6TS,E4 6,19.0
CT17 9QX,CT17 9,13.0
N1 7QQ,N1 7,14.0
N1 2LE,N1 2,14.0
ME17 1XL,ME17 1,6.0
E14 9PA,E14 9,21.0
KT14 7FJ,KT14 7,11.0
ME15 9JX,ME15 9,12.0
RG22 6BA,RG22 6,15.0
W1T 3LU,W1T 3,1.0
TN7 4BZ,TN7 4,7.0
GU32 1QN,GU32 1,6.0
CT14 0HR,CT14 0,7.0
PO11 9EZ,PO11 9,15.0
DA11 0PH,DA11 0,15.0
SE16 7PY,SE16 7,11.0
KT2 5PG,KT2 5,16.0
TN30 6TB,TN30 6,9.0
PO16 8RB,PO16 8,14.0
SW17 8AE,SW17 8,23.0
ME5 9LH,ME5 9,14.0
PO14 4HH,PO14 4,12.0
SE11 4DH,SE11 4,12.0
W5 2AR,W5 2,12.0
N17 7HS,N17 7,15.0
GU14 8SF,GU14 8,18.0
RM7 8NX,RM7 8,20.0
SW15 3TH,SW15 3,16.0
UB5 4AS,UB5 4,17.0
RG7 6RP,RG7 6,6.0
GU9 7SN,GU9 7,7.0
E9 7TB,E9 7,17.0
SE15 2AH,SE15 2,16.0
SE1 9EF,SE1 9,4.0
SE7 7PP,SE7 7,13.0
PO19 1NZ,PO19 1,3.0
TW10 7LS,TW10 7,11.0
TW15 3GA,TW15 3,12.0
RG40 1GF,RG40 1,10.0
HA8 9SR,HA8 9,12.0
TN3 8LA,TN3 8,5.0
BN24 5DY,BN24 5,11.0
N16 5JW,N16 5,16.0
N15 4HU,N15 4,12.0
CR0 0PS,CR0 0,26.0
SM5 3PN,SM5 3,13.0
PO39 0DR,PO39 0,11.0
ME1 1XN,ME1 1,8.0
HP18 9RY,HP18 9,9.0
NW1 7JR,NW1 7,9.0
TW18 1ET,TW18 1,12.0
DA1 1HS,DA1 1,11.0
W1B 5NL,W1B 5,
HP21 7LS,HP21 7,11.0
GU35 0NX,GU35 0,12.0
SS1 3EG,SS1 3,13.0
GU12 4RA,GU12 4,16.0
PO20 9ED,PO20 9,11.0
N3 3PS,N3 3,10.0
TN13 3SF,TN13 3,12.0
RH10 7NZ,RH10 7,18.0
SS14 3PB,SS14 3,6.0
SW8 2PD,SW8 2,14.0
RG40 3NH,RG40 3,6.0
E11 4SW,E11 4,15.0
RM4 1QA,RM4 1,9.0
SS6 8BU,SS6 8,16.0
W1W 6UG,W1W 6,5.0
CR0 5EW,CR0 5,19.0
CR4 3DD,CR4 3,19.0
HP12 4UE,HP12 4,12.0
CT3 1PT,CT3 1,7.0
TW9 4XA,TW9 4,11.0
SE6 3HS,SE6 3,18.0
ME14 5SB,ME14 5,11.0
HP12 3UY,HP12 3,12.0
W1U 5NY,W1U 5,4.0
E17 4EN,E17 4,17.0
TN15 6TH,TN15 6,12.0
W1K 4JS,W1K 4,1.0
DA7 6FA,DA7 6,17.0
SE11 5SR,SE11 5,13.0
GU14 7TJ,GU14 7,8.0
ME7 2NX,ME7 2,18.0
TN17 2SS,TN17 2,6.0
SE25 5GF,SE25 5,15.0
W1S 3PQ,W1S 3,
W12 0JJ,W12 0,17.0
OX2 9GP,OX2 9,11.0
SL6 4BJ,SL6 4,9.0
PO32 6PA,PO32 6,14.0
RG12 7DY,RG12 7,20.0
RG42 2HT,RG42 2,14.0
W1U 6LS,W1U 6,3.0
RG21 6YH,RG21 6,3.0
HP6 6ES,HP6 6,10.0
IG11 7DN,IG11 7,16.0
KT15 3AD,KT15 3,13.0
IG11 7YD,IG11 7,16.0
BN23 7QN,BN23 7,13.0
W1G 9DY,W1G 9,1.0
BR5 2RN,BR5 2,17.0
SO40 9DS,SO40 9,12.0
SW1W 9PD,SW1W 9,5.0
N4 1DP,N4 1,14.0
SL2 2LR,SL2 2,15.0
SO31 1ZS,SO31 1,8.0
TN29 0TQ,TN29 0,11.0
DA15 8RD,DA15 8,19.0
SS8 7ET,SS8 7,12.0
BN21 4BE,BN21 4,8.0
RG40 4LP,RG40 4,11.0
OX14 1UB,OX14 1,11.0
GU34 3NA,GU34 3,5.0
SO30 4RA,SO30 4,12.0
KT16 0NU,KT16 0,10.0
SW19 7JE,SW19 7,12.0
HP6 5RQ,HP6 5,8.0
SE6 3TR,SE6 3,18.0
SS15 5RQ,SS15 5,17.0
RH19 3EN,RH19 3,12.0
N1 7ZH,N1 7,14.0
HA2 9JW,HA2 9,16.0
SE11 5PF,SE11 5,13.0
RM16 2QD,RM16 2,19.0
KT19 9JN,KT19 9,17.0
N17 6RR,N17 6,21.0
SE27 9SB,SE27 9,14.0
SM3 9AQ,SM3 9,18.0
ME5 7NW,ME5 7,18.0
TW18 1AA,TW18 1,12.0
N5 1EH,N5 1,15.0
SE1 0UL,SE1 0,6.0
KT3 5TD,KT3 5,15.0
HA1 4AP,HA1 4,13.0
N1 7FZ,N1 7,14.0
DA18 4DB,DA18 4,20.0
W1J 8BA,W1J 8,2.0
W1H 4QH,W1H 4,3.0
N12 8BL,N12 8,10.0
SW1P 1TE,SW1P 1,4.0
W1T 5DT,W1T 5,5.0
DA1 2JD,DA1 2,15.0
RH19 2LB,RH19 2,8.0
SO16 4GB,SO16 4,12.0
KT2 5AR,KT2 5,16.0
PO41 0TA,PO41 0,7.0
TN2 5DX,TN2 5,12.0
CT17 0HB,CT17 0,15.0
TN11 8DE,TN11 8,7.0
W1W 7TG,W1W 7,2.0
TN24 8SA,TN24 8,8.0
CT11 8ES,CT11 8,13.0
DA1 4NE,DA1 4,12.0
BR1 4JB,BR1 4,19.0
PO32 6BS,PO32 6,14.0
OX10 7PU,OX10 7,10.0
SS8 7AN,SS8 7,12.0
ME14 2HN,ME14 2,14.0
GU15 4LW,GU15 4,8.0
BN6 9SL,BN6 9,9.0
TN8 5DH,TN8 5,8.0
SN7 7BD,SN7 7,10.0
RG45 6EW,RG45 6,10.0
N10 3RA,N10 3,12.0
SW11 3HX,SW11 3,15.0
TN13 1HD,TN13 1,6.0
BN2 5PG,BN2 5,16.0
BN15 0LS,BN15 0,15.0
GU33 7RS,GU33 7,10.0
GU51 5SB,GU51 5,9.0
ME16 0WQ,ME16 0,15.0
HP16 0QS,HP16 0,9.0
ME6 5PU,ME6 5,15.0
N22 6NH,N22 6,15.0
RH10 3AG,RH10 3,12.0
E14 9ND,E14 9,21.0
SE16 3FJ,SE16 3,14.0
SO53 1DZ,SO53 1,12.0
NW2 1TD,NW2 1,11.0
GU4 8LN,GU4 8,9.0
HP20 1ES,HP20 1,9.0
HA0 3SG,HA0 3,12.0
BN20 0AA,BN20 0,7.0
TN32 5NT,TN32 5,7.0
PO21 4HH,PO21 4,12.0
BN2 1YJ,BN2 1,17.0
OX14 1SH,OX14 1,11.0
W12 0TF,W12 0,17.0
PO30 2BP,PO30 2,10.0
ME13 9NN,ME13 9,7.0
SO41 9DA,SO41 9,9.0
SW15 1LY,SW15 1,14.0
TN12 6XD,TN12 6,11.0
RG8 0JX,RG8 0,7.0
KT10 8HF,KT10 8,11.0
UB9 5PJ,UB9 5,10.0
RG22 5NB,RG22 5,13.0
CT6 7XB,CT6 7,15.0
SL8 5TX,SL8 5,7.0
PO1 3HR,PO1 3,10.0
KT2 5EN,KT2 5,16.0
SE3 9BH,SE3 9,9.0
DA1 3PH,DA1 3,22.0
OX2 9FY,OX2 9,11.0
HP6 5NT,HP6 5,8.0
DA15 7LJ,DA15 7,10.0
RG1 6NH,RG1 6,16.0
TN17 2NY,TN17 2,6.0
E15 2BZ,E15 2,12.0
DA12 2BD,DA12 2,13.0
EC4V 5BT,EC4V 5,2.0
CT9 5AG,CT9 5,16.0
SW2 2PJ,SW2 2,16.0
PO15 7NE,PO15 7,9.0
GU21 2HG,GU21 2,13.0
PO3 5JD,PO3 5,9.0
SW15 4NF,SW15 4,20.0
CT5 2LN,CT5 2,14.0
GU12 6NX,GU12 6,13.0
KT8 2LY,KT8 2,12.0
CT3 1NY,CT3 1,7.0
TN37 6HY,TN37 6,19.0
RG5 4HG,RG5 4,14.0
SL8 5NF,SL8 5,7.0
SW17 0FY,SW17 0,16.0
E17 6RE,E17 6,17.0
GU34 1JS,GU34 1,9.0
SE1 1TY,SE1 1,6.0
RG24 8NE,RG24 8,12.0
DA2 6HH,DA2 6,14.0
CM15 9PJ,CM15 9,14.0
PO19 6RW,PO19 6,13.0
TN6 3BN,TN6 3,7.0
UB5 6BG,UB5 6,16.0
SO24 0JZ,SO24 0,7.0
GU9 7TW,GU9 7,7.0
PO22 6PW,PO22 6,12.0
BN41 2PS,BN41 2,20.0
SS14 2DF,SS14 2,16.0
N8 7PF,N8 7,14.0
ME20 7HZ,ME20 7,9.0
CR7 8AE,CR7 8,19.0
RH12 4TZ,RH12 4,11.0
RG12 2HS,RG12 2,7.0
CR3 6QL,CR3 6,12.0
SW12 8PY,SW12 8,16.0
KT1 1HZ,KT1 1,2.0
RH12 1XP,RH12 1,9.0
SO16 3JF,SO16 3,14.0
OX44 7RT,OX44 7,8.0
GU32 1NS,GU32 1,6.0
GU33 6NN,GU33 6,5.0
GU7 2DE,GU7 2,9.0
PO9 2UW,PO9 2,13.0
N17 6LN,N17 6,21.0
HP10 0JY,HP10 0,9.0
RG7 8LA,RG7 8,
ME5 7BU,ME5 7,18.0
KT22 7HA,KT22 7,8.0
TN9 2LL,TN9 2,14.0
PO7 8SJ,PO7 8,13.0
SW6 6AZ,SW6 6,15.0
TW7 6QA,TW7 6,12.0
SW9 8QR,SW9 8,8.0
SW13 9QE,SW13 9,11.0
NW1 0BY,NW1 0,8.0
HA0 4ES,HA0 4,11.0
PO6 3PH,PO6 3,13.0
PO9 5AL,PO9 5,16.0
ME17 3EG,ME17 3,7.0
SE6 2TW,SE6 2,16.0
RH1 3LB,RH1 3,13.0
PO20 8BN,PO20 8,15.0
SL2 5TR,SL2 5,15.0
KT8 2LN,KT8 2,12.0
RG21 7AT,RG21 7,7.0
W1G 6NZ,W1G 6,3.0
SL6 6LS,SL6 6,11.0
UB11 1AS,UB11 1,
SM2 5FQ,SM2 5,17.0
PO9 5DW,PO9 5,16.0
SE13 6TW,SE13 6,15.0
HP18 9HE,HP18 9,9.0
TW13 6NE,TW13 6,11.0
DA12 5LE,DA12 5,21.0
SS7 2UT,SS7 2,16.0
RM17 5EX,RM17 5,15.0
SS9 3HS,SS9 3,16.0
CR0 1LG,CR0 1,14.0
ME2 3PU,ME2 3,17.0
PO30 1PB,PO30 1,10.0
SW19 6EQ,SW19 6,16.0
IG11 9BT,IG11 9,21.0
BN21 3TU,BN21 3,9.0
ME8 0HY,ME8 0,13.0
CT16 3DX,CT16 3,10.0
BN22 0PP,BN22 0,15.0
TN8 5QX,TN8 5,8.0
N12 0QP,N12 0,11.0
ME5 0LD,ME5 0,18.0
TN37 7JS,TN37 7,13.0
NW6 6SE,NW6 6,13.0
HA4 8EY,HA4 8,11.0
NW3 1QF,NW3 1,8.0
BN16 1QZ,BN16 1,11.0
NW10 9DY,NW10 9,13.0
TW15 1DZ,TW15 1,12.0
RH13 5DS,RH13 5,11.0
N6 4TD,N6 4,9.0
SO53 3LS,SO53 3,10.0
E2 9PN,E2 9,12.0
IG2 6YF,IG2 6,14.0
RH15 8GG,RH15 8,14.0
TW16 7RY,TW16 7,12.0
SW9 7EZ,SW9 7,12.0
WC1H 8NN,WC1H 8,8.0
N1 0UH,N1 0,13.0
N1 6EN,N1 6,10.0
W1W 8DA,W1W 8,
BN11 1DZ,BN11 1,7.0
RG24 9JX,RG24 9,17.0
CT2 0BQ,CT2 0,11.0
W1G 6LE,W1G 6,3.0
SS15 5QU,SS15 5,17.0
SW1Y 6AD,SW1Y 6,1.0
SS6 9LB,SS6 9,15.0
SL9 9DQ,SL9 9,7.0
SP11 6HP,SP11 6,5.0
RH11 9JT,RH11 9,16.0
ME10 4RX,ME10 4,14.0
CT9 3YA,CT9 3,15.0
OX9 7EA,OX9 7,2.0
SS5 4RF,SS5 4,11.0
NW10 7BQ,NW10 7,3.0
CR8 4EH,CR8 4,14.0
TN4 0HF,TN4 0,11.0
W1U 4PL,W1U 4,4.0
RM3 0BE,RM3 0,13.0
NW5 4ET,NW5 4,16.0
KT14 7AT,KT14 7,11.0
IG11 8AD,IG11 8,9.0
SO31 7FB,SO31 7,11.0
GU33 6BW,GU33 6,5.0
SW17 8JP,SW17 8,23.0
ME2 2QT,ME2 2,16.0
SS9 2RZ,SS9 2,12.0
NW1 4AL,NW1 4,4.0
NW3 1BB,NW3 1,8.0
CT5 4DN,CT5 4,15.0
PO14 1QT,PO14 1,11.0
RH2 0LY,RH2 0,10.0
HP11 1LQ,HP11 1,9.0
E2 8EH,E2 8,11.0
PO30 5SA,PO30 5,12.0
BN6 9UP,BN6 9,9.0
BR5 2RY,BR5 2,17.0
RH6 9DL,RH6 9,13.0
GU15 4BA,GU15 4,8.0
SW18 3DN,SW18 3,19.0
MK18 5HQ,MK18 5,5.0
RG18 9QR,RG18 9,8.0
CR4 1QA,CR4 1,18.0
RM3 7SX,RM3 7,15.0
SL3 9EU,SL3 9,10.0
N3 1EJ,N3 1,10.0
E12 6NR,E12 6,21.0
CT6 8FH,CT6 8,14.0
SL5 9UX,SL5 9,8.0
DA8 1BG,DA8 1,17.0
NW1 2ND,NW1 2,3.0
SE16 2JT,SE16 2,14.0
ME17 1SP,ME17 1,6.0
W10 5NQ,W10 5,14.0
TN23 6LW,TN23 6,9.0
TN15 0SE,TN15 0,7.0
SO15 5GB,SO15 5,15.0
TN23 1LF,TN23 1,2.0
SL2 2DP,SL2 2,15.0
TN26 3EN,TN26 3,8.0
GU2 9QX,GU2 9,16.0
ME1 3LG,ME1 3,12.0
SW10 0NU,SW10 0,12.0
SL3 9ND,SL3 9,10.0
BN15 9EZ,BN15 9,16.0
NW8 6LL,NW8 6,10.0
SE26 5DW,SE26 5,12.0
KT17 4JH,KT17 4,11.0
GU21 7PQ,GU21 7,11.0
BN12 5BY,BN12 5,10.0
OX2 9XD,OX2 9,11.0
RH19 4NW,RH19 4,9.0
SW15 1EN,SW15 1,14.0
PO21 3EQ,PO21 3,13.0
HA0 1LN,HA0 1,8.0
SL5 7HG,SL5 7,7.0
RH1 3LL,RH1 3,13.0
NW6 7XW,NW6 7,15.0
GU8 5ED,GU8 5,10.0
SO32 2HD,SO32 2,11.0
RG17 0NF,RG17 0,8.0
SW19 2HH,SW19 2,15.0
SL1 8PF,SL1 8,7.0
HA3 5SB,HA3 5,12.0
NW10 5DT,NW10 5,16.0
SO50 4LJ,SO50 4,16.0
DA11 0SN,DA11 0,15.0
BN3 2WL,BN3 2,12.0
SE11 6NA,SE11 6,14.0
SO51 7ZA,SO51 7,17.0
N17 6SU,N17 6,21.0
W1T 1AB,W1T 1,1.0
SP10 3UQ,SP10 3,15.0
TW16 5LQ,TW16 5,9.0
UB8 3RX,UB8 3,17.0
WC2B 6AT,WC2B 6,
BN14 9RG,BN14 9,12.0
PO16 7TH,PO16 7,10.0
RM14 1DR,RM14 1,16.0
SW9 6DZ,SW9 6,8.0
BR2 0DP,BR2 0,16.0
N7 8QB,N7 8,16.0
NN13 5JB,NN13 5,6.0
SW19 6EB,SW19 6,16.0
TN25 7HX,TN25 7,5.0
PO4 0BT,PO4 0,20.0
HA2 9PS,HA2 9,16.0
BN5 9PS,BN5 9,9.0
N1 5DU,N1 5,14.0
BN17 6LT,BN17 6,17.0
RG7 3SG,RG7 3,11.0
E5 8NE,E5 8,19.0
HA1 3RG,HA1 3,11.0
NW7 4LN,NW7 4,8.0
SO45 3GF,SO45 3,10.0
SE20 8GA,SE20 8,15.0
GU14 0HQ,GU14 0,12.0
CR4 3BE,CR4 3,19.0
SE2 0PE,SE2 0,18.0
N2 8JN,N2 8,13.0
CR5 3DZ,CR5 3,10.0
UB1 2RP,UB1 2,17.0
TN17 2EJ,TN17 2,6.0
BN23 5DB,BN23 5,23.0
SE19 3EL,SE19 3,14.0
BN43 6PR,BN43 6,18.0
NW4 4LD,NW4 4,9.0
CR2 8BT,CR2 8,16.0
W4 3PJ,W4 3,13.0
KT4 8PQ,KT4 8,20.0
PO14 1DD,PO14 1,11.0
SE1 5FQ,SE1 5,12.0
RM10 8SF,RM10 8,20.0
NW5 4QX,NW5 4,16.0
SE5 8PQ,SE5 8,17.0
TW19 7HN,TW19 7,15.0
RH1 1FQ,RH1 1,7.0
KT13 8XY,KT13 8,9.0
GU51 3EA,GU51 3,11.0
SO53 2BA,SO53 2,13.0
CM13 3TW,CM13 3,8.0
SW18 5JR,SW18 5,17.0
PO16 0UF,PO16 0,9.0
SL4 2DG,SL4 2,10.0
UB6 0RP,UB6 0,12.0
NW10 4DR,NW10 4,13.0
NW1 4LU,NW1 4,4.0
CR5 3LD,CR5 3,10.0
W1U 6BA,W1U 6,3.0
HP13 5EB,HP13 5,14.0
SE1 1PT,SE1 1,6.0
HP17 8EW,HP17 8,9.0
SS14 2BU,SS14 2,16.0
LU7 0GZ,LU7 0,10.0
SP10 5BE,SP10 5,10.0
W1D 7AP,W1D 7,2.0
KT1 2UJ,KT1 2,11.0
NW1 4FS,NW1 4,4.0
SS13 2LR,SS13 2,13.0
TN24 9EL,TN24 9,16.0
PO12 3HQ,PO12 3,18.0
PO33 2LR,PO33 2,12.0
BN26 6NT,BN26 6,8.0
RG14 1QH,RG14 1,9.0
SS8 7PT,SS8 7,12.0
TN27 8LH,TN27 8,7.0
TN26 1HH,TN26 1,8.0
HA4 9AE,HA4 9,14.0
SE1 0RD,SE1 0,6.0
UB10 8PY,UB10 8,14.0
PO19 6LF,PO19 6,13.0
SS6 9LA,SS6 9,15.0
RM9 6XA,RM9 6,17.0
SW2 5JH,SW2 5,15.0
RG12 7LF,RG12 7,20.0
BR5 3NN,BR5 3,12.0
RG1 5QU,RG1 5,11.0
CM12 9LT,CM12 9,10.0
W3 8SL,W3 8,12.0
UB5 6PR,UB5 6,16.0
NW4 4QZ,NW4 4,9.0
BH25 7LS,BH25 7,12.0
BN1 3LL,BN1 3,15.0
W2 3UL,W2 3,12.0
BN3 3YG,BN3 3,19.0
RG14 7QE,RG14 7,11.0
OX11 8BG,OX11 8,13.0
CT14 9TH,CT14 9,17.0
RH16 2EZ,RH16 2,11.0
NW6 5HN,NW6 5,14.0
RH11 8AH,RH11 8,16.0
ME5 0JQ,ME5 0,18.0
N12 7PG,N12 7,10.0
BN20 8AZ,BN20 8,12.0
PO7 7QA,PO7 7,10.0
SM6 7LJ,SM6 7,12.0
E4 9UL,E4 9,19.0
TW12 2TQ,TW12 2,11.0
PO2 7PJ,PO2 7,19.0
NW10 9QP,NW10 9,13.0
SO30 4SD,SO30 4,12.0
DA14 6BQ,DA14 6,13.0
RG7 6AP,RG7 6,6.0
CT17 0LU,CT17 0,15.0
HA7 3NU,HA7 3,9.0
KT6 7GD,KT6 7,13.0
N1 2XQ,N1 2,14.0
GU27 1JN,GU27 1,11.0
SL4 5NJ,SL4 5,11.0
ME13 0NR,ME13 0,6.0
GU47 0EA,GU47 0,17.0
SW1A 1PH,SW1A 1,1.0
KT10 0HD,KT10 0,12.0
SL0 9LT,SL0 9,9.0
DA7 6NS,DA7 6,17.0
TW13 5BT,TW13 5,15.0
BR1 4WG,BR1 4,19.0
SS12 9JT,SS12 9,16.0
CT20 2PQ,CT20 2,12.0
E15 3JU,E15 3,20.0
BN24 5EF,BN24 5,11.0
TN27 8PJ,TN27 8,7.0
RM16 4TS,RM16 4,17.0
CT19 4FB,CT19 4,14.0
SO19 6GP,SO19 6,15.0
GU9 9EW,GU9 9,11.0
W7 3AS,W7 3,15.0
PO20 2GY,PO20 2,9.0
E3 2EN,E3 2,16.0
HA1 2NE,HA1 2,8.0
ME5 8QL,ME5 8,17.0
IG11 8TG,IG11 8,9.0
PO1 5LW,PO1 5,18.0
TN12 0LA,TN12 0,8.0
HA9 6QL,HA9 6,11.0
ME6 5PS,ME6 5,15.0
UB2 4ER,UB2 4,11.0
E14 9FG,E14 9,21.0
PO21 5BA,PO21 5,13.0
EC1N 7UH,EC1N 7,12.0
RM13 9NN,RM13 9,14.0
CT12 6NW,CT12 6,16.0
SE15 6HZ,SE15 6,13.0
NW1 4SJ,NW1 4,4.0
HA7 4FD,HA7 4,9.0
RG10 9DU,RG10 9,10.0
CT20 2RL,CT20 2,12.0
W12 8HU,W12 8,13.0
DA8 1AQ,DA8 1,17.0
BN7 2PJ,BN7 2,11.0
SL6 6WA,SL6 6,11.0
PO31 8BS,PO31 8,13.0
BN27 1PG,BN27 1,9.0
NW10 3QR,NW10 3,11.0
SO40 3LR,SO40 3,11.0
W1U 7LQ,W1U 7,
TW14 0AZ,TW14 0,8.0
PO40 9RB,PO40 9,9.0
GU7 1SS,GU7 1,8.0
E7 0YZ,E7 0,17.0
N1 3BG,N1 3,14.0
RG14 2TQ,RG14 2,11.0
BN8 4TD,BN8 4,9.0
TN23 3NW,TN23 3,15.0
TW13 5LN,TW13 5,15.0
N11 1GN,N11 1,11.0
W5 5QW,W5 5,8.0
SE21 7HP,SE21 7,9.0
PO41 0QA,PO41 0,7.0
SE16 7JB,SE16 7,11.0
TN29 0AB,TN29 0,11.0
TN10 4DN,TN10 4,15.0
PO39 0BP,PO39 0,11.0
BR5 2DF,BR5 2,17.0
RM3 9JX,RM3 9,15.0
N7 7RY,N7 7,13.0
SW1V 3EL,SW1V 3,17.0
KT18 7PJ,KT18 7,12.0
HP11 1LT,HP11 1,9.0
SM3 8QY,SM3 8,13.0
TN7 4HS,TN7 4,7.0
PO21 5NE,PO21 5,13.0
PO14 4BE,PO14 4,12.0
SS15 4AZ,SS15 4,18.0
ME2 3HF,ME2 3,17.0
SE20 7XY,SE20 7,15.0
UB1 2PF,UB1 2,17.0
NW8 9LJ,NW8 9,11.0
PO12 3SA,PO12 3,18.0
RG40 1GP,RG40 1,10.0
GU3 2EN,GU3 2,9.0
SL4 2NS,SL4 2,10.0
OX11 9TA,OX11 9,9.0
TW20 9PN,TW20 9,9.0
PO30 1HN,PO30 1,10.0
RH11 0DQ,RH11 0,12.0
W1U 5PB,W1U 5,4.0
GU16 6TE,GU16 6,12.0
RM15 5AH,RM15 5,16.0
RG12 9PY,RG12 9,13.0
SE14 6DF,SE14 6,11.0
E2 8AS,E2 8,11.0
E9 7LG,E9 7,17.0
ME1 2LE,ME1 2,18.0
CR2 6ND,CR2 6,14.0
BN1 7HT,BN1 7,20.0
RG2 9AG,RG2 9,9.0
RH12 1PX,RH12 1,9.0
TW9 3AE,TW9 3,9.0
PO33 1FG,PO33 1,13.0
SE22 9BN,SE22 9,17.0
HA5 2NR,HA5 2,13.0
BN3 1BB,BN3 1,17.0
KT13 9HF,KT13 9,9.0
BN2 0GW,BN2 0,19.0
UB1 2PY,UB1 2,17.0
KT16 8NS,KT16 8,11.0
TN4 8LD,TN4 8,11.0
SO31 8EP,SO31 8,12.0
RG19 3RD,RG19 3,15.0
TW5 0EP,TW5 0,14.0
W13 0JS,W13 0,13.0
TN38 0UB,TN38 0,18.0
RG30 4QN,RG30 4,16.0
CT21 6ED,CT21 6,13.0
RM10 7DL,RM10 7,16.0
RG12 1QB,RG12 1,
TN8 6DS,TN8 6,7.0
TW20 0BZ,TW20 0,10.0
HP21 8JA,HP21 8,14.0
SS16 5GS,SS16 5,13.0
TN28 8BB,TN28 8,11.0
SO22 6NT,SO22 6,13.0
BN13 1DH,BN13 1,13.0
RH7 6ND,RH7 6,13.0
CT17 9RG,CT17 9,13.0
RG2 7SD,RG2 7,15.0
BN23 8DF,BN23 8,19.0
W1J 0AN,W1J 0,
SO24 9RA,SO24 9,9.0
ME17 3DY,ME17 3,7.0
N17 6DG,N17 6,21.0
BN6 8YD,BN6 8,12.0
HP6 6LG,HP6 6,10.0
BH25 6RG,BH25 6,11.0
UB7 8BB,UB7 8,13.0
N16 8HY,N16 8,15.0
EC2A 3BE,EC2A 3,1.0
HP21 9NU,HP21 9,13.0
PO21 3SR,PO21 3,13.0
DA7 5ES,DA7 5,20.0
SS16 5EX,SS16 5,13.0
BN14 7HF,BN14 7,16.0
DA12 4QS,DA12 4,22.0
EC1V 1AR,EC1V 1,1.0
BN18 0LB,BN18 0,10.0
RG7 3YY,RG7 3,11.0
DA1 2NB,DA1 2,15.0
SS3 0NS,SS3 0,12.0
SO15 8AN,SO15 8,14.0
PO18 9JL,PO18 9,5.0
IG11 8BB,IG11 8,9.0
E8 4EA,E8 4,15.0
ME11 5EY,ME11 5,10.0
NW2 7BN,NW2 7,10.0
RM16 4BE,RM16 4,17.0
GU21 6EN,GU21 6,7.0
PO3 6JQ,PO3 6,21.0
DA8 2NZ,DA8 2,18.0
PO5 3HN,PO5 3,12.0
SE18 5EU,SE18 5,16.0
TW4 7PB,TW4 7,13.0
BR1 3QD,BR1 3,16.0
TW13 5JQ,TW13 5,15.0
GU24 9PS,GU24 9,10.0
SW3 2AT,SW3 2,10.0
EC1N 2PL,EC1N 2,
TN11 0PR,TN11 0,7.0
OX9 3XH,OX9 3,10.0
N7 8RD,N7 8,16.0
HP14 3BA,HP14 3,10.0
TW15 1TR,TW15 1,12.0
SW2 2AG,SW2 2,16.0
RG2 0AS,RG2 0,7.0
IG11 7LD,IG11 7,16.0
SE18 5ED,SE18 5,16.0
E17 6AD,E17 6,17.0
HP8 4NR,HP8 4,9.0
SO40 2RY,SO40 2,17.0
BN23 7DX,BN23 7,13.0
CT14 7LG,CT14 7,14.0
HP9 1FD,HP9 1,9.0
CT15 6HY,CT15 6,11.0
TN6 2NG,TN6 2,11.0
HP18 0HS,HP18 0,6.0
SW15 6RN,SW15 6,12.0
PO40 9PL,PO40 9,9.0
W2 1ES,W2 1,9.0
PO9 5DN,PO9 5,16.0
BN20 7AD,BN20 7,11.0
N3 1LP,N3 1,10.0
RG21 8BJ,RG21 8,13.0
TN16 2EX,TN16 2,7.0
GU1 4ES,GU1 4,7.0
SO50 4GR,SO50 4,16.0
RH18 5AR,RH18 5,8.0
KT9 1JG,KT9 1,12.0
SL6 1JX,SL6 1,6.0
BN44 3DX,BN44 3,13.0
W1U 7RT,W1U 7,
KT9 1RP,KT9 1,12.0
SS3 0DN,SS3 0,12.0
PO16 8LJ,PO16 8,14.0
ME15 6UG,ME15 6,12.0
BH24 1PZ,BH24 1,12.0
KT15 1AQ,KT15 1,13.0
SS8 8DE,SS8 8,17.0
RH12 1EA,RH12 1,9.0
SE19 1AX,SE19 1,13.0
SW17 0EF,SW17 0,16.0
RM14 2NS,RM14 2,12.0
KT23 3NH,KT23 3,10.0
KT13 0UX,KT13 0,8.0
RH2 0BQ,RH2 0,10.0
CR3 0AJ,CR3 0,12.0
DA2 6ER,DA2 6,14.0
HA4 6JW,HA4 6,15.0
BN27 3WF,BN27 3,13.0
CM12 9RG,CM12 9,10.0
TW13 4QG,TW13 4,15.0
DA16 3NL,DA16 3,15.0
TW14 9BT,TW14 9,16.0
RG1 7NE,RG1 7,10.0
SE16 4UH,SE16 4,11.0
SS16 5QX,SS16 5,13.0
ME14 1BS,ME14 1,4.0
DA5 2EU,DA5 2,15.0
PO18 0HQ,PO18 0,7.0
CT7 9PJ,CT7 9,14.0
N1 8PH,N1 8,11.0
IG3 9JG,IG3 9,16.0
ME5 9UU,ME5 9,14.0
TN11 9SJ,TN11 9,8.0
NW4 4XH,NW4 4,9.0
SL8 5LQ,SL8 5,7.0
SW1P 2JG,SW1P 2,7.0
N7 8QH,N7 8,16.0
CT14 8BW,CT14 8,10.0
TW12 1AW,TW12 1,11.0
CT6 5DE,CT6 5,11.0
SS0 7JT,SS0 7,17.0
TN25 5EE,TN25 5,9.0
RH10 4RA,RH10 4,7.0
ME3 7JX,ME3 7,10.0
RH16 3RR,RH16 3,12.0
PO2 0PP,PO2 0,20.0
HP18 0PS,HP18 0,6.0
RG27 9BP,RG27 9,9.0
W2 6NH,W2 6,15.0
SL5 7QA,SL5 7,7.0
SW13 9PE,SW13 9,11.0
BR3 3PL,BR3 3,13.0
GU15 1AJ,GU15 1,11.0
MK18 3FX,MK18 3,9.0
E10 5SQ,E10 5,15.0
BN9 9HU,BN9 9,14.0
BN2 8FP,BN2 8,16.0
UB9 4EG,UB9 4,8.0
HA0 4LU,HA0 4,11.0
BN27 2DD,BN27 2,9.0
ME14 2QT,ME14 2,14.0
ME5 8GA,ME5 8,17.0
SS13 2RH,SS13 2,13.0
CM14 4PT,CM14 4,13.0
SW9 8JP,SW9 8,8.0
SW20 8TS,SW20 8,15.0
GU12 6RN,GU12 6,13.0
TW4 5HT,TW4 5,15.0
CR7 8AD,CR7 8,19.0
SE17 2HG,SE17 2,16.0
CR0 1UE,CR0 1,14.0
BN23 6NH,BN23 6,12.0
UB1 3RQ,UB1 3,12.0
TN35 5HA,TN35 5,19.0
PO5 1JL,PO5 1,16.0
RG14 1XB,RG14 1,9.0
NW9 5AW,NW9 5,16.0
KT11 2LR,KT11 2,11.0
W14 0JU,W14 0,15.0
SW7 1LA,SW7 1,8.0
ME12 4JF,ME12 4,11.0
DA1 1EW,DA1 1,11.0
PO8 8PZ,PO8 8,14.0
OX33 1FH,OX33 1,9.0
SE26 6PH,SE26 6,14.0
ME12 1AF,ME12 1,10.0
SL4 5YN,SL4 5,11.0
CT6 6AX,CT6 6,14.0
PO5 3ES,PO5 3,12.0
WC2R 0DA,WC2R 0,
SN6 8JE,SN6 8,8.0
E16 2AD,E16 2,10.0
SS17 7NU,SS17 7,17.0
ME15 8GJ,ME15 8,13.0
UB10 9LP,UB10 9,17.0
SW2 1JL,SW2 1,11.0
NW1 1GQ,NW1 1,9.0
TN8 7AQ,TN8 7,5.0
E17 5EZ,E17 5,19.0
PO7 6UJ,PO7 6,13.0
SO18 2EL,SO18 2,14.0
UB7 9PD,UB7 9,16.0
RG40 1XB,RG40 1,10.0
RH20 1BS,RH20 1,9.0
SP10 3HB,SP10 3,15.0
RH7 6HA,RH7 6,13.0
RG26 3NG,RG26 3,14.0
W11 4BY,W11 4,12.0
SE18 2HL,SE18 2,17.0
GU34 2QD,GU34 2,12.0
N10 1BD,N10 1,14.0
N3 1QW,N3 1,10.0
TN9 2AB,TN9 2,14.0
BN41 2PN,BN41 2,20.0
GU21 4TG,GU21 4,10.0
SP10 2DF,SP10 2,14.0
BN20 8EG,BN20 8,12.0
PO6 3AD,PO6 3,13.0
SW5 0NB,SW5 0,12.0
TN23 5HS,TN23 5,19.0
SS7 5SP,SS7 5,15.0
SS4 3BJ,SS4 3,14.0
SE18 5JG,SE18 5,16.0
PO19 3AT,PO19 3,12.0
SW12 0EH,SW12 0,13.0
SE25 6PW,SE25 6,16.0
SW18 4PN,SW18 4,13.0
PO38 2JW,PO38 2,7.0
SE1 2RY,SE1 2,11.0
RH18 5JS,RH18 5,8.0
KT16 0NA,KT16 0,10.0
SN6 8JX,SN6 8,8.0
OX27 0BT,OX27 0,6.0
RM1 2RR,RM1 2,10.0
E15 3EG,E15 3,20.0
RH1 6NR,RH1 6,13.0
GU16 9YA,GU16 9,13.0
GU51 2TT,GU51 2,9.0
DA3 8JP,DA3 8,15.0
SO32 3LN,SO32 3,10.0
RG17 8PT,RG17 8,11.0
RG4 8SB,RG4 8,13.0
GU17 0JX,GU17 0,12.0
PO10 7QA,PO10 7,12.0
PO6 3PD,PO6 3,13.0
KT10 8HX,KT10 8,11.0
SO16 3NE,SO16 3,14.0
PO30 4JY,PO30 4,9.0
SO19 6FN,SO19 6,15.0
RH13 6RG,RH13 6,11.0
RH19 3LE,RH19 3,12.0
E7 9BZ,E7 9,17.0
NW10 8DW,NW10 8,13.0
RH4 2BY,RH4 2,9.0
W3 0AB,W3 0,9.0
DA5 3HU,DA5 3,17.0
N15 6SL,N15 6,16.0
N20 9PN,N20 9,7.0
RG14 7QY,RG14 7,11.0
BN13 3RA,BN13 3,10.0
TN22 1HG,TN22 1,9.0
W1G 8GG,W1G 8,4.0
DA13 0TW,DA13 0,12.0
RM6 4AB,RM6 4,14.0
CR4 4EJ,CR4 4,13.0
GU4 8QT,GU4 8,9.0
SE2 9UZ,SE2 9,17.0
BN14 9PJ,BN14 9,12.0
SW1X 7TS,SW1X 7,2.0
SM6 9DU,SM6 9,16.0
E1 5QH,E1 5,15.0
RM15 4XD,RM15 4,15.0
PO6 1HR,PO6 1,13.0
RG1 1PJ,RG1 1,1.0
SE15 3UN,SE15 3,18.0
E2 9BX,E2 9,12.0
E15 1SD,E15 1,15.0
RG30 2JP,RG30 2,17.0
NW9 8DU,NW9 8,11.0
PO36 9BY,PO36 9,14.0
BN1 1ED,BN1 1,3.0
SO18 1EQ,SO18 1,15.0
HA0 4BY,HA0 4,11.0
SS7 1RL,SS7 1,13.0
SS9 2ED,SS9 2,12.0
TW18 3QX,TW18 3,9.0
SM6 0HG,SM6 0,10.0
RG10 8BB,RG10 8,7.0
NW3 7WD,NW3 7,7.0
NW5 1PS,NW5 1,11.0
BN7 2DD,BN7 2,11.0
N2 9LY,N2 9,12.0
RH20 2BH,RH20 2,10.0
SE10 0PY,SE10 0,9.0
BN13 1EE,BN13 1,13.0
SO45 1AP,SO45 1,14.0
TN1 2LU,TN1 2,11.0
SE20 7EB,SE20 7,15.0
TN27 9ST,TN27 9,7.0
E17 6LX,E17 6,17.0
CT17 0LX,CT17 0,15.0
NW9 7LJ,NW9 7,10.0
GU21 6NY,GU21 6,7.0
UB5 6EL,UB5 6,16.0
SO16 4HN,SO16 4,12.0
RG21 5QZ,RG21 5,17.0
BN1 6RJ,BN1 6,19.0
W6 8HD,W6 8,13.0
RG21 5NL,RG21 5,17.0
GU22 0NW,GU22 0,10.0
SS7 3RD,SS7 3,14.0
GU7 1ZF,GU7 1,8.0
RM3 9XL,RM3 9,15.0
CT3 1PH,CT3 1,7.0
W5 1UB,W5 1,12.0
E17 9HE,E17 9,15.0
EC3R 5BS,EC3R 5,
SO53 1GH,SO53 1,12.0
SO32 2LP,SO32 2,11.0
SE9 4LE,SE9 4,18.0
NW1 1PU,NW1 1,9.0
RG6 4BW,RG6 4,15.0
KT1 3AG,KT1 3,16.0
PO7 5EA,PO7 5,14.0
HA3 0TN,HA3 0,11.0
GU35 9ET,GU35 9,10.0
SW5 9BZ,SW5 9,13.0
W1B 5AP,W1B 5,
GU9 9AG,GU9 9,11.0
CR2 6GS,CR2 6,14.0
RG4 6PZ,RG4 6,12.0
CT13 0HQ,CT13 0,11.0
BN26 6BL,BN26 6,8.0
NW1 3AT,NW1 3,9.0
SE25 4PP,SE25 4,16.0
RH4 2NS,RH4 2,9.0
SS14 3XX,SS14 3,6.0
OX11 9PF,OX11 9,9.0
BN3 2BU,BN3 2,12.0
TN14 5PE,TN14 5,9.0
RG17 9SJ,RG17 9,10.0
RH7 6JG,RH7 6,13.0
CR0 6QU,CR0 6,31.0
BN20 9BS,BN20 9,12.0
BN11 2NU,BN11 2,16.0
PO39 0HN,PO39 0,11.0
PO19 5PA,PO19 5,11.0
TN35 4HG,TN35 4,12.0
GU27 3BE,GU27 3,8.0
W13 0JQ,W13 0,13.0
RH17 5BJ,RH17 5,8.0
SM1 4HS,SM1 4,13.0
CT3 1TY,CT3 1,7.0
DA1 5FD,DA1 5,13.0
CT5 2RL,CT5 2,14.0
TN2 3PH,TN2 3,11.0
BN11 2AQ,BN11 2,16.0
RG26 5JN,RG26 5,10.0
OX44 9DR,OX44 9,8.0
W1U 7DF,W1U 7,
BN13 3DU,BN13 3,10.0
CM15 0HD,CM15 0,12.0
SS17 7DY,SS17 7,17.0
TN21 9NL,TN21 9,6.0
W13 8JY,W13 8,11.0
CT18 7NY,CT18 7,14.0
ME8 7DF,ME8 7,12.0
BN17 6LE,BN17 6,17.0
SM1 2LZ,SM1 2,18.0
WC1X 9DE,WC1X 9,8.0
ME7 2BG,ME7 2,18.0
E11 2PR,E11 2,16.0
SO45 5EU,SO45 5,13.0
RH5 4LU,RH5 4,10.0
EC1M 4NB,EC1M 4,
DA9 9HN,DA9 9,16.0
SE20 8HS,SE20 8,15.0
N12 0RS,N12 0,11.0
UB5 5AE,UB5 5,15.0
TW13 4FD,TW13 4,15.0
SL1 8LN,SL1 8,7.0
SP11 7DF,SP11 7,7.0
PO30 5PT,PO30 5,12.0
UB5 4BP,UB5 4,17.0
CT9 2BJ,CT9 2,15.0
RH16 3PG,RH16 3,12.0
SP11 6TG,SP11 6,5.0
DA17 5AL,DA17 5,17.0
ME14 5LW,ME14 5,11.0
GU14 7HB,GU14 7,8.0
UB6 8ST,UB6 8,14.0
CT10 2LW,CT10 2,13.0
RH10 9HA,RH10 9,
KT9 2HS,KT9 2,17.0
N1 8QG,N1 8,11.0
RM15 4TU,RM15 4,15.0
RG18 3FH,RG18 3,14.0
PO13 0QU,PO13 0,18.0
SE17 2EB,SE17 2,16.0
RM10 9TX,RM10 9,20.0
BN16 4NR,BN16 4,12.0
GU51 5TS,GU51 5,9.0
CT19 5BA,CT19 5,13.0
RG41 5QR,RG41 5,10.0
RM10 8SE,RM10 8,20.0
E10 7XQ,E10 7,14.0
PO15 5RU,PO15 5,11.0
SL6 8PL,SL6 8,8.0
SO45 3NE,SO45 3,10.0
HP27 9HB,HP27 9,8.0
TN29 9LD,TN29 9,9.0
CT16 2LN,CT16 2,18.0
E12 6NX,E12 6,21.0
TW17 8EA,TW17 8,11.0
CT16 1BU,CT16 1,6.0
BN3 3TL,BN3 3,19.0
OX44 7PP,OX44 7,8.0
CR2 0RH,CR2 0,15.0
SL1 3DQ,SL1 3,13.0
TN13 1HE,TN13 1,6.0
TN2 3PJ,TN2 3,11.0
RH5 4RN,RH5 4,10.0
SP10 3RL,SP10 3,15.0
SM5 3RW,SM5 3,13.0
RM3 8FR,RM3 8,13.0
DA2 7LS,DA2 7,16.0
KT15 3LB,KT15 3,13.0
HP18 0WR,HP18 0,6.0
RG27 8DR,RG27 8,7.0
NW8 0BE,NW8 0,12.0
ME13 7RP,ME13 7,13.0
SO15 5DG,SO15 5,15.0
GU12 4SD,GU12 4,16.0
ME12 1BS,ME12 1,10.0
GU14 7PJ,GU14 7,8.0
CT2 9EF,CT2 9,10.0
N20 0JG,N20 0,12.0
WC2E 7BD,WC2E 7,2.0
SW1V 2NB,SW1V 2,12.0
W1U 2QX,W1U 2,1.0
SO32 1FJ,SO32 1,10.0
CT16 1TR,CT16 1,6.0
SW3 2RH,SW3 2,10.0
N1 7PE,N1 7,14.0
TN27 0QT,TN27 0,8.0
SL0 0EA,SL0 0,8.0
GU10 4AB,GU10 4,9.0
E16 1XB,E16 1,14.0
BN11 3DG,BN11 3,10.0
CT6 7BZ,CT6 7,15.0
E11 4AP,E11 4,15.0
SE18 7RW,SE18 7,19.0
HA9 9DA,HA9 9,11.0
SL2 1HR,SL2 1,17.0
SS12 9NJ,SS12 9,16.0
W9 2AL,W9 2,17.0
BR4 9JZ,BR4 9,14.0
ME5 9RA,ME5 9,14.0
SW2 1JU,SW2 1,11.0
HA9 8UB,HA9 8,12.0
OX12 8QW,OX12 8,7.0
ME5 0LA,ME5 0,18.0
RH2 7NY,RH2 7,11.0
SW11 1LX,SW11 1,13.0
ME20 7RE,ME20 7,9.0
KT3 3TB,KT3 3,15.0
SE15 4NZ,SE15 4,13.0
RM17 5JG,RM17 5,15.0
RH1 4RD,RH1 4,9.0
E10 5EJ,E10 5,15.0
N3 3RL,N3 3,10.0
SE6 2QG,SE6 2,16.0
TW20 9BS,TW20 9,9.0
BN7 2AP,BN7 2,11.0
CR8 2NG,CR8 2,13.0
NW5 1HL,NW5 1,11.0
N2 0RN,N2 0,11.0
HA1 2LZ,HA1 2,8.0
SW16 6AL,SW16 6,17.0
E1 0ET,E1 0,16.0
RG6 5RE,RG6 5,13.0
W8 7SU,W8 7,10.0
UB6 8GP,UB6 8,14.0
BN13 2SF,BN13 2,15.0
BR1 5FA,BR1 5,23.0
SS5 4QW,SS5 4,11.0
E11 4YQ,E11 4,15.0
W5 2NY,W5 2,12.0
PO16 9DR,PO16 9,13.0
KT13 9AQ,KT13 9,9.0
SP10 3ZE,SP10 3,15.0
NW1 9PP,NW1 9,12.0
BN22 7GB,BN22 7,10.0
SE2 0XW,SE2 0,18.0
BN6 9RQ,BN6 9,9.0
ME6 5RL,ME6 5,15.0
TN34 3TG,TN34 3,17.0
HA2 0QQ,HA2 0,11.0
SW11 5ND,SW11 5,20.0
E7 0PX,E7 0,17.0
PO1 3AJ,PO1 3,10.0
N3 2DE,N3 2,11.0
NW10 4AP,NW10 4,13.0
ME5 9HE,ME5 9,14.0
BN21 4TY,BN21 4,8.0
HA8 6PF,HA8 6,13.0
RG24 9FQ,RG24 9,17.0
TN15 9HH,TN15 9,8.0
TW18 3NJ,TW18 3,9.0
SS8 7NS,SS8 7,12.0
N8 8RD,N8 8,12.0
CT4 8EH,CT4 8,7.0
W1J 5RL,W1J 5,2.0
NW3 6EG,NW3 6,8.0
SP10 3GZ,SP10 3,15.0
ME17 4JR,ME17 4,10.0
KT19 0LZ,KT19 0,15.0
ME9 0AP,ME9 0,6.0
BN14 7BZ,BN14 7,16.0
CT5 4UE,CT5 4,15.0
N20 8JZ,N20 8,8.0
ME4 6LW,ME4 6,13.0
W3 7FF,W3 7,15.0
RM16 4NR,RM16 4,17.0
SS7 2LJ,SS7 2,16.0
E16 4LG,E16 4,15.0
KT19 8LH,KT19 8,10.0
RH1 2EQ,RH1 2,13.0
IG1 2TH,IG1 2,16.0
DA14 5DW,DA14 5,10.0
SS6 8NB,SS6 8,16.0
TN27 9TS,TN27 9,7.0
RH16 4BD,RH16 4,10.0
PO8 0EH,PO8 0,10.0
ME13 7PL,ME13 7,13.0
BN2 8LD,BN2 8,16.0
CT10 1SJ,CT10 1,11.0
EN5 4AL,EN5 4,8.0
SO42 7YH,SO42 7,11.0
SE18 1BJ,SE18 1,18.0
PO21 5HG,PO21 5,13.0
RG7 1NU,RG7 1,7.0
RG9 1JQ,RG9 1,11.0
TW15 1GT,TW15 1,12.0
SS6 8YP,SS6 8,16.0
RG14 7GS,RG14 7,11.0
HP14 4PZ,HP14 4,10.0
RG6 7JX,RG6 7,14.0
GU15 1QJ,GU15 1,11.0
OX10 6LD,OX10 6,9.0
PO7 4QY,PO7 4,8.0
BR6 7UF,BR6 7,10.0
GU5 0DF,GU5 0,9.0
HP22 4LZ,HP22 4,8.0
E6 3HG,E6 3,20.0
PO9 2QU,PO9 2,13.0
BH25 7LX,BH25 7,12.0
TN40 1DJ,TN40 1,14.0
CM15 0HL,CM15 0,12.0
KT18 7NX,KT18 7,12.0
SS2 5TF,SS2 5,13.0
UB3 3PY,UB3 3,13.0
CT15 7ED,CT15 7,7.0
CT6 8AZ,CT6 8,14.0
SW15 5AL,SW15 5,14.0
W5 4RN,W5 4,17.0
SW4 9HE,SW4 9,10.0
IG2 7LP,IG2 7,16.0
N17 9XJ,N17 9,13.0
E9 6SG,E9 6,17.0
CT6 8TB,CT6 8,14.0
KT17 1XX,KT17 1,7.0
TW17 0DF,TW17 0,11.0
